class,keep,drop,name,keep_years,drop_years
LGR-2014,100596,102272,Oliver McMullan,1993-2011,2019-2023
LGR-2014,10176,104499,Brendan Curran,1985-2011,2014-2014
LGR-2014,69704,104912,John Carson,1973-2011,2014-2014
LGR-2014,69704,105206,John Carson,1973-2011,2019-2019
LGR-2014,10518,105335,James Brown,1977-2011,2014-2014
FORUM-DUPLICATE,100074,100808,Alliance list,1996-1996,1996-1996
FORUM-DUPLICATE,100074,101408,Alliance list,1996-1996,1996-1996
FORUM-DUPLICATE,100074,106319,Alliance list,1996-1996,1996-1996
FORUM-DUPLICATE,100074,106320,Alliance list,1996-1996,1996-1996
LGR-2014,80140,102173,Dermot Curran,1973-2011,2014-2019
FORUM-DUPLICATE,100084,101794,UUP list,1996-1996,1996-1996
FORUM-DUPLICATE,100084,101795,UUP list,1996-1996,1996-1996
FORUM-DUPLICATE,100084,103072,UUP list,1996-1996,1996-1996
FORUM-DUPLICATE,100084,108578,UUP list,1996-1996,1996-1996
LGR-2014,101307,101418,Joe Boyle,2014-2023,2001-2011
FORUM-DUPLICATE,100108,100815,Green list,1996-1996,1996-1996
FORUM-DUPLICATE,100108,100816,Green list,1996-1996,1996-1996
FORUM-DUPLICATE,100108,106329,Green list,1996-1996,1996-1996
FORUM-DUPLICATE,100108,106330,Green list,1996-1996,1996-1996
FORUM-DUPLICATE,100109,102404,Independent (Alan Chambers) list,1996-1996,1996-1996
FORUM-DUPLICATE,100817,102404,Independent (Alan Chambers) list,1996-1996,1996-1996
FORUM-DUPLICATE,101413,102404,Independent (Alan Chambers) list,1996-1996,1996-1996
FORUM-DUPLICATE,102404,106331,Independent (Alan Chambers) list,1996-1996,1996-1996
LGR-2014,80795,102288,Jim Speers,1977-2011,2014-2019
LGR-2014,85957,102325,William King,1977-2011,2014-2019
LGR-2014,32086,102392,Robert Hill,1973-2011,2014-2019
FORUM-DUPLICATE,100130,101063,Ulster Democratic Party list,1996-1996,1996-1996
FORUM-DUPLICATE,101063,101796,Ulster Democratic Party list,1996-1996,1996-1996
FORUM-DUPLICATE,101063,108581,Ulster Democratic Party list,1996-1996,1996-1996
FORUM-DUPLICATE,101063,108582,Ulster Democratic Party list,1996-1996,1996-1996
FORUM-DUPLICATE,101063,108583,Ulster Democratic Party list,1996-1996,1996-1996
FORUM-DUPLICATE,100157,100527,NI Women's Coalition list,1996-1996,1996-1996
FORUM-DUPLICATE,100157,100798,NI Women's Coalition list,1996-1996,1996-1996
FORUM-DUPLICATE,100157,103793,NI Women's Coalition list,1996-1996,1996-1996
FORUM-DUPLICATE,100157,103794,NI Women's Coalition list,1996-1996,1996-1996
LGR-2014,101020,105492,Jayne Dunlop,1997-2011,2014-2014
LGR-2014,100612,101374,Yvonne Boyle,1989-2011,2014-2023
LGR-2014,100159,101312,Sean Clarke,1989-2011,2019-2023
LGR-2014,100159,102249,Sean Clarke,1989-2011,2014-2014
LGR-2014,94331,101363,Alan Graham,1977-2011,2014-2023
LGR-2014,44065,105472,Roy Thompson,1981-2011,2014-2014
FORUM-DUPLICATE,100187,101793,UKUP list,1996-1996,1996-1996
FORUM-DUPLICATE,100187,103071,UKUP list,1996-1996,1996-1996
FORUM-DUPLICATE,100187,108574,UKUP list,1996-1996,1996-1996
FORUM-DUPLICATE,100187,108575,UKUP list,1996-1996,1996-1996
FORUM-DUPLICATE,100187,108576,UKUP list,1996-1996,1996-1996
FORUM-DUPLICATE,100187,108577,UKUP list,1996-1996,1996-1996
LGR-2014,104345,106607,Gary Middleton,2014-2014,2011-2011
LGR-2014,45065,101350,Tom Campbell,1985-2011,2014-2023
LGR-2014,42476,105413,Robert Stewart,1973-2005,2014-2014
LGR-2014,102243,107216,Pat Catney,2014-2023,2011-2011
LGR-2014,105042,107493,Kellie Armstrong,2014-2014,2011-2011
LGR-2014,100415,105970,Declan O'Loan,1989-2011,2014-2014
LGR-2014,101671,105238,Mervyn Storey,2001-2011,2023-2023
LGR-2014,101372,101687,Paul Berry,2014-2023,2001-2011
FORUM-DUPLICATE,100344,100533,DUP list,1996-1996,1996-1996
FORUM-DUPLICATE,100532,100533,DUP list,1996-1996,1996-1996
FORUM-DUPLICATE,100533,101410,DUP list,1996-1996,1996-1996
FORUM-DUPLICATE,100345,100812,Democratic Left list,1996-1996,1996-1996
FORUM-DUPLICATE,100345,101411,Democratic Left list,1996-1996,1996-1996
FORUM-DUPLICATE,100345,101412,Democratic Left list,1996-1996,1996-1996
FORUM-DUPLICATE,100345,102403,Democratic Left list,1996-1996,1996-1996
FORUM-DUPLICATE,100345,106326,Democratic Left list,1996-1996,1996-1996
FORUM-DUPLICATE,100346,100534,Natural Law list,1996-1996,1996-1996
FORUM-DUPLICATE,100347,100534,Natural Law list,1996-1996,1996-1996
FORUM-DUPLICATE,100534,106339,Natural Law list,1996-1996,1996-1996
FORUM-DUPLICATE,100534,106340,Natural Law list,1996-1996,1996-1996
LGR-2014,40279,103910,John Anderson,1977-2005,2014-2014
LGR-2014,65726,102183,Fraser Agnew,1981-2011,2014-2019
LGR-2014,59496,101317,Paul McLean,1989-2011,2014-2023
LGR-2014,57287,101327,John Smyth,1997-2011,2014-2023
LGR-2014,43122,102278,Henry Cushinan,1985-2011,2019-2023
LGR-2014,42382,101373,Bill Kennedy,1989-2011,2014-2023
LGR-2014,50739,101380,Trevor Wilson,1989-2011,2014-2023
FORUM-DUPLICATE,100421,103074,Ulster Independence Movement list,1996-1996,1996-1996
FORUM-DUPLICATE,100422,103074,Ulster Independence Movement list,1996-1996,1996-1996
FORUM-DUPLICATE,103073,103074,Ulster Independence Movement list,1996-1996,1996-1996
FORUM-DUPLICATE,103074,103075,Ulster Independence Movement list,1996-1996,1996-1996
FORUM-DUPLICATE,103074,108584,Ulster Independence Movement list,1996-1996,1996-1996
LGR-2014,101720,105449,Philip McGuigan,2001-2011,2014-2014
LGR-2014,100579,101336,Michael Henderson,1993-2011,2014-2023
LGR-2014,101476,104476,Ian McCrea,2001-2011,2019-2019
LGR-2014,105076,107531,Danny Kinahan,2019-2019,2005-2005
LGR-2014,102195,106642,Dermot Kennedy,2014-2023,2005-2005
LGR-2014,102313,102860,Trevor Clarke,2014-2019,2005-2011
LGR-2014,101023,105538,Eugene McMenamin,1997-2011,2014-2014
LGR-2014,101666,105223,John Stewart,1973-2011,2014-2014
LGR-2014,101033,102354,Chris McGimpsey,1993-2005,2014-2019
LGR-2014,102470,104133,Mel Lucas,2005-2011,2023-2023
LGR-2014,105166,107667,Niall Ó Donnghaile,2014-2014,2011-2011
FORUM-DUPLICATE,100535,100536,PUP list,1996-1996,1996-1996
FORUM-DUPLICATE,100536,101414,PUP list,1996-1996,1996-1996
FORUM-DUPLICATE,100536,102409,PUP list,1996-1996,1996-1996
FORUM-DUPLICATE,100536,102410,PUP list,1996-1996,1996-1996
FORUM-DUPLICATE,100536,106341,PUP list,1996-1996,1996-1996
FORUM-DUPLICATE,100536,106342,PUP list,1996-1996,1996-1996
FORUM-DUPLICATE,100537,100538,SDLP list,1996-1996,1996-1996
FORUM-DUPLICATE,100537,100821,SDLP list,1996-1996,1996-1996
FORUM-DUPLICATE,100537,101415,SDLP list,1996-1996,1996-1996
FORUM-DUPLICATE,100537,106343,SDLP list,1996-1996,1996-1996
FORUM-DUPLICATE,100537,106344,SDLP list,1996-1996,1996-1996
FORUM-DUPLICATE,100539,100822,Sinn Féin list,1996-1996,1996-1996
FORUM-DUPLICATE,100822,101416,Sinn Féin list,1996-1996,1996-1996
FORUM-DUPLICATE,100822,102411,Sinn Féin list,1996-1996,1996-1996
FORUM-DUPLICATE,100822,102412,Sinn Féin list,1996-1996,1996-1996
FORUM-DUPLICATE,100822,106345,Sinn Féin list,1996-1996,1996-1996
FORUM-DUPLICATE,100822,106346,Sinn Féin list,1996-1996,1996-1996
FORUM-DUPLICATE,100822,106347,Sinn Féin list,1996-1996,1996-1996
LGR-2014,26884,102168,Michael Coyle,1993-2011,2014-2023
LGR-2014,100545,101311,James Baird,1973-2011,2014-2023
LGR-2014,78627,102184,Arnold Hatch,1981-2011,2014-2019
LGR-2014,58986,102189,Norman Hillis,1993-2011,2014-2019
LGR-2014,24515,104763,Pat Cox,1985-2011,2014-2014
LGR-2014,2672,102262,David Browne,1993-2011,2014-2019
LGR-2014,78740,101354,Allan Bresland,1993-2011,2014-2023
LGR-2014,49548,100802,John Boyle,1981-2011,2014-2023
LGR-2014,93135,102284,Robert Mulligan,1993-2011,2014-2019
LGR-2014,57583,102359,Jonathan Craig,1993-2011,2019-2023
FORUM-DUPLICATE,100799,100800,Workers' Party list,1996-1996,1996-1996
FORUM-DUPLICATE,100800,101304,Workers' Party list,1996-1996,1996-1996
FORUM-DUPLICATE,100800,101305,Workers' Party list,1996-1996,1996-1996
FORUM-DUPLICATE,100800,101306,Workers' Party list,1996-1996,1996-1996
FORUM-DUPLICATE,100800,103796,Workers' Party list,1996-1996,1996-1996
FORUM-DUPLICATE,100800,103797,Workers' Party list,1996-1996,1996-1996
LGR-2014,101335,101542,Philip Smith,2014-2023,2001-2011
LGR-2014,101695,105217,Mairtin O'Muilleoir,1985-1993,2014-2014
LGR-2014,105217,107765,Máirtín Ó Muilleoir,2014-2014,2011-2011
LGR-2014,103054,106241,Roy Beggs Jr,2001-2005,2023-2023
LGR-2014,33120,101609,Paul Michael,2014-2022,2001-2011
LGR-2014,101609,104691,Paul Michael,2001-2011,2023-2023
LGR-2014,104894,107261,Gordon Lyons,2014-2014,2011-2011
LGR-2014,101000,102323,Adrian Cochrane-Watson,1997-2011,2014-2019
LGR-2014,105272,107868,Gavin Robinson,2014-2014,2011-2011
LGR-2014,102203,106706,Patrick Brown,2014-2019,2011-2011
LGR-2014,100972,101367,Thomas Burns,1997-2011,2014-2023
LGR-2014,100911,102233,Eric Bullick,1985-2011,2014-2023
LGR-2014,101355,101612,Billy Hutchinson,2014-2023,1997-2005
LGR-2014,101754,105730,John Blair,1989-2011,2014-2014
LGR-2014,101398,108407,Timothy Gaston,2014-2023,2011-2011
FORUM-DUPLICATE,100809,100811,Conservative list,1996-1996,1996-1996
FORUM-DUPLICATE,100810,100811,Conservative list,1996-1996,1996-1996
FORUM-DUPLICATE,100811,101409,Conservative list,1996-1996,1996-1996
FORUM-DUPLICATE,100811,106324,Conservative list,1996-1996,1996-1996
FORUM-DUPLICATE,100811,106325,Conservative list,1996-1996,1996-1996
FORUM-DUPLICATE,100813,106328,Democratic Partnership list,1996-1996,1996-1996
FORUM-DUPLICATE,100814,106328,Democratic Partnership list,1996-1996,1996-1996
FORUM-DUPLICATE,106327,106328,Democratic Partnership list,1996-1996,1996-1996
FORUM-DUPLICATE,100818,100819,Labour Coalition list,1996-1996,1996-1996
FORUM-DUPLICATE,100818,100820,Labour Coalition list,1996-1996,1996-1996
FORUM-DUPLICATE,100818,102406,Labour Coalition list,1996-1996,1996-1996
FORUM-DUPLICATE,100818,102407,Labour Coalition list,1996-1996,1996-1996
FORUM-DUPLICATE,100818,102408,Labour Coalition list,1996-1996,1996-1996
FORUM-DUPLICATE,100818,106338,Labour Coalition list,1996-1996,1996-1996
LGR-2014,87584,102186,Marion Smith,1997-2011,2014-2019
LGR-2014,70499,101319,Paul Gallagher,1997-2011,2014-2023
LGR-2014,26565,104568,Denny Vitty,1981-2011,2014-2014
LGR-2014,53562,104666,Mary Hamilton,1997-2011,2014-2014
LGR-2014,78863,102263,Paul Fleming,1997-2011,2014-2019
LGR-2014,39592,105167,Davy Hyland,1993-2011,2014-2014
LGR-2014,60336,105228,Mark Robinson,1985-2001,2023-2023
LGR-2014,98924,101375,James McKeown,1973-2011,2014-2023
LGR-2014,101567,104911,Austin Kelly,1981-2011,2014-2014
LGR-2014,55552,106393,Liam Mackle,2014-2023,2011-2011
LGR-2014,101770,106029,Ann Gormley,1989-1997,2014-2014
LGR-2014,15357,106485,Sandra Duffy,2014-2023,2011-2011
LGR-2014,102381,103032,Ian Milne,2019-2023,2005-2011
LGR-2014,21765,102476,John Hiddleston,2014-2023,2001-2011
LGR-2014,102217,102578,Boyd Douglas,2014-2019,1997-2011
LGR-2014,101574,104928,Walter Millar,1985-2011,2014-2014
LGR-2014,42687,107016,Richard Holmes,2014-2023,2011-2011
LGR-2014,101749,105651,Gerry Mullan,2001-2011,2014-2014
LGR-2014,49678,102670,Thomas O'Hanlon,2014-2023,2005-2011
LGR-2014,48982,107335,Malachy Quinn,2014-2023,2011-2011
LGR-2014,8252,107344,Dermot Nicholl,2014-2023,2011-2011
LGR-2014,101462,105407,Éamonn McConvey,2001-2011,2014-2014
LGR-2014,29572,107361,Declan McAlinden,2014-2023,2011-2011
LGR-2014,65619,107672,Maureen Morrow,2014-2023,2011-2011
LGR-2014,31939,107676,Billy Webb,2014-2023,2011-2011
LGR-2014,38051,107689,John Coyle,2014-2023,2011-2011
LGR-2014,36218,102805,Gareth Wilson,2014-2023,2005-2011
LGR-2014,34129,107766,Eugene Reid,2014-2023,2011-2011
LGR-2014,102214,106905,Karen McKevitt,2019-2023,2005-2005
LGR-2014,75407,107998,Aaron McIntyre,2014-2023,2011-2011
LGR-2014,96848,101708,Noreen McClelland,2014-2023,2001-2011
LGR-2014,18206,102897,Hazel Legge,2014-2023,2005-2011
LGR-2014,10039,102922,David Taylor,2014-2023,2005-2011
LGR-2014,102535,104605,Paula Bradley,2005-2011,2023-2023
LGR-2014,102749,105090,Christopher Stalford,2005-2011,2014-2014
LGR-2014,21661,108288,Neil Kelly,2014-2023,2011-2011
LGR-2014,102164,106350,Alex Elliott,2014-2023,2011-2011
LGR-2014,102821,105245,Barney Fitzpatrick,2005-2011,2014-2014
LGR-2014,89333,101751,Robert Burgess,2014-2023,2001-2011
LGR-2014,82197,102988,Cara McShane,2014-2023,2005-2011
LGR-2014,57943,108305,Jennifer Gilmour,2014-2023,2011-2011
LGR-2014,7192,108493,Glenn Barr,2014-2023,2011-2011
LGR-2014,102350,108320,Rosemary Barton,2014-2023,2011-2011
LGR-2014,101474,104466,Sydney Anderson,2001-2011,2019-2019
LGR-2014,102177,106449,Brian Kingston,2014-2019,2011-2011
LGR-2014,104664,106860,Nichola Mallon,2014-2014,2011-2011
LGR-2014,102315,102863,Colm Cavanagh,2019-2023,2001-2011
LGR-2014,71199,104265,Linda Cleland,1997-2011,2014-2014
LGR-2014,10696,102207,Tom O'Reilly,2001-2011,2014-2019
LGR-2014,38317,104625,Evelyne Robinson,2001-2011,2014-2014
LGR-2014,96729,104648,James Malone,1977-2011,2014-2014
LGR-2014,91468,104658,Gerardine Mulvenna,2001-2011,2023-2023
LGR-2014,46735,104742,Brian Hanvey,2001-2011,2014-2014
LGR-2014,92371,104771,Gerard Diver,2001-2011,2014-2014
LGR-2014,6658,102238,Brian McMahon,2001-2011,2014-2019
LGR-2014,23901,102244,Gavin Walker,1993-2001,2014-2019
LGR-2014,72,105050,Fred Rodgers,1993-2011,2019-2019
LGR-2014,21045,102279,Michael Carr,2001-2011,2014-2019
LGR-2014,41273,102281,Freda Donnelly,2001-2011,2014-2019
LGR-2014,62002,105141,Kieran Corr,2001-2011,2014-2014
LGR-2014,91555,102285,Brian Heading,2001-2011,2014-2019
LGR-2014,48425,102331,Angus Carson,2001-2011,2014-2019
LGR-2014,101738,102341,Sean McGuigan,2001-2011,2019-2023
LGR-2014,101738,104769,Sean McGuigan,2001-2011,2014-2014
LGR-2014,22243,102395,Bert Wilson,2001-2011,2014-2019
FORUM-DUPLICATE,102157,103792,Independent (Thomas O'Brien) list,1996-1996,1996-1996
FORUM-DUPLICATE,103789,103792,Independent (Thomas O'Brien) list,1996-1996,1996-1996
FORUM-DUPLICATE,103790,103792,Independent (Thomas O'Brien) list,1996-1996,1996-1996
FORUM-DUPLICATE,103791,103792,Independent (Thomas O'Brien) list,1996-1996,1996-1996
FORUM-DUPLICATE,102158,103795,Ulster's Independent Voice list,1996-1996,1996-1996
FORUM-DUPLICATE,102159,103795,Ulster's Independent Voice list,1996-1996,1996-1996
LGR-2014,53308,106437,Deborah Girvan,2014-2019,2011-2011
LGR-2014,18846,106503,Deirdre Hargey,2014-2019,2011-2011
LGR-2014,15924,106714,Maolíosa McHugh,2014-2019,2011-2011
LGR-2014,104064,106479,Patrick Clarke,2014-2014,2011-2011
LGR-2014,88236,106899,Orla Beattie,2014-2019,2011-2011
LGR-2014,88340,107095,Tim Morrow,2014-2019,2011-2011
LGR-2014,102743,105077,Máire Hendron,2005-2011,2014-2014
LGR-2014,59262,102744,Alan Robinson,2014-2019,2005-2011
LGR-2014,43193,107533,Joe O'Neill,2014-2019,2011-2011
LGR-2014,102317,102874,Colin Kennedy,2014-2023,2005-2011
LGR-2014,102874,105423,Colin Kennedy,2005-2011,2019-2019
LGR-2014,102321,108436,Ciarán Archibald,2019-2023,2011-2011
LGR-2014,105973,108436,Ciaran Archibald,2014-2014,2011-2011
LGR-2014,41828,102920,Stephen Nicholl,2014-2019,2001-2005
LGR-2014,102358,108355,Denise Johnston,2019-2023,2011-2011
LGR-2014,102366,107816,Seán McGlinchey,2014-2019,2011-2011
LGR-2014,105237,107816,Sean McGlinchey,2023-2023,2011-2011
LGR-2014,51134,103018,Neil Johnston,2014-2019,2001-2005
LGR-2014,105300,107906,Hannah Su,2014-2014,2011-2011
LGR-2014,105034,107486,Jimmy Menagh,2019-2019,2011-2011
LGR-2014,103860,106371,Roy Ferguson,2014-2014,2011-2011
LGR-2014,104651,106835,Sheila McQuaid,2014-2014,2011-2011
LGR-2014,102401,103070,Sean McPeake,2019-2023,2005-2011
LGR-2014,103070,104671,Sean McPeake,2005-2011,2014-2014
FORUM-DUPLICATE,102405,106335,Independent (Oliver McMuIlan) list,1996-1996,1996-1996
FORUM-DUPLICATE,106334,106335,Independent (Oliver McMuIlan) list,1996-1996,1996-1996
FORUM-DUPLICATE,106335,106336,Independent (Oliver McMuIlan) list,1996-1996,1996-1996
FORUM-DUPLICATE,106335,106337,Independent (Oliver McMuIlan) list,1996-1996,1996-1996
LGR-2014,22802,104206,Alan Lawther,2005-2011,2014-2014
LGR-2014,78072,104819,Tim Attwood,2005-2011,2014-2014
LGR-2014,55049,105992,Sharon Haughey,2005-2011,2014-2014
LGR-2014,104632,106798,Sean Donnelly,2019-2019,2011-2011
LGR-2014,105140,106798,Seán Donnelly,2014-2014,2011-2011
LGR-2014,48665,107397,Steven Moore,2014-2014,2011-2011
LGR-2014,105539,108267,Colin Keenan,2014-2014,2011-2011
LGR-2014,105324,107952,Paddy Meehan,2014-2014,2011-2011
LGR-2014,105626,108453,Seán Doran,2014-2014,2011-2011
LGR-2014,106016,108453,Sean Doran,2019-2019,2011-2011
FORUM-DUPLICATE,106321,106323,Communist Party of Ireland list,1996-1996,1996-1996
FORUM-DUPLICATE,106322,106323,Communist Party of Ireland list,1996-1996,1996-1996
FORUM-DUPLICATE,106332,106333,Independent (Arthur Templeton) list,1996-1996,1996-1996
FORUM-DUPLICATE,108579,108580,Ulster Christian Democratic Party list,1996-1996,1996-1996
