cy,akey,ctype,seats_total,has_prior,scale,err
local2014,Airport,local,5.0,1.0,dea,2.0
local2014,Antrim,local,6.0,1.0,dea,2.0
local2014,Ards Peninsula,local,6.0,1.0,dea,2.0
local2014,Armagh,local,6.0,1.0,dea,2.0
local2014,Ballyarnett,local,6.0,1.0,dea,4.0
local2014,Ballyclare,local,5.0,1.0,dea,4.0
local2014,Ballymena,local,7.0,1.0,dea,6.0
local2014,Ballymoney,local,7.0,1.0,dea,2.0
local2014,Balmoral,local,5.0,1.0,dea,2.0
local2014,Banbridge,local,7.0,1.0,dea,4.0
local2014,Bangor Central,local,6.0,1.0,dea,2.0
local2014,Bangor East and Donaghadee,local,6.0,1.0,dea,2.0
local2014,Bangor West,local,5.0,1.0,dea,2.0
local2014,Bann,local,5.0,1.0,dea,4.0
local2014,Bannside,local,6.0,1.0,dea,0.0
local2014,Benbradagh,local,5.0,1.0,dea,2.0
local2014,Black Mountain,local,7.0,1.0,dea,0.0
local2014,Botanic,local,5.0,1.0,dea,2.0
local2014,Braid,local,7.0,1.0,dea,4.0
local2014,Carntogher,local,5.0,1.0,dea,0.0
local2014,Carrick Castle,local,5.0,1.0,dea,4.0
local2014,Castle,local,6.0,1.0,dea,2.0
local2014,Castlereagh East,local,6.0,1.0,dea,2.0
local2014,Castlereagh South,local,7.0,1.0,dea,6.0
local2014,Causeway,local,7.0,1.0,dea,4.0
local2014,Clogher Valley,local,6.0,1.0,dea,0.0
local2014,Coast Road,local,5.0,1.0,dea,2.0
local2014,Coleraine,local,6.0,1.0,dea,2.0
local2014,Collin,local,6.0,1.0,dea,2.0
local2014,Comber,local,5.0,1.0,dea,2.0
local2014,Cookstown,local,7.0,1.0,dea,2.0
local2014,Court,local,6.0,1.0,dea,4.0
local2014,Craigavon,local,5.0,1.0,dea,2.0
local2014,Crotlieve,local,6.0,1.0,dea,4.0
local2014,Cusher,local,5.0,1.0,dea,4.0
local2014,Derg,local,5.0,1.0,dea,2.0
local2014,Downpatrick,local,5.0,1.0,dea,2.0
local2014,Downshire East,local,5.0,1.0,dea,0.0
local2014,Downshire West,local,5.0,1.0,dea,2.0
local2014,Dungannon,local,6.0,1.0,dea,2.0
local2014,Dunsilly,local,5.0,1.0,dea,2.0
local2014,Enniskillen,local,6.0,1.0,dea,2.0
local2014,Erne East,local,6.0,1.0,dea,0.0
local2014,Erne North,local,5.0,1.0,dea,2.0
local2014,Erne West,local,5.0,1.0,dea,0.0
local2014,Faughan,local,5.0,1.0,dea,4.0
local2014,Foyleside,local,5.0,1.0,dea,4.0
local2014,Glengormley Urban,local,7.0,1.0,dea,4.0
local2014,Holywood and Clandeboye,local,5.0,1.0,dea,2.0
local2014,Killultagh,local,5.0,1.0,dea,4.0
local2014,Knockagh,local,5.0,1.0,dea,2.0
local2014,Lagan River,local,5.0,1.0,dea,2.0
local2014,Larne Lough,local,5.0,1.0,dea,2.0
local2014,Limavady,local,5.0,1.0,dea,2.0
local2014,Lisburn North,local,6.0,1.0,dea,4.0
local2014,Lisburn South,local,6.0,1.0,dea,2.0
local2014,Lisnasharragh,local,6.0,1.0,dea,2.0
local2014,Lurgan,local,7.0,1.0,dea,2.0
local2014,Macedon,local,6.0,1.0,dea,2.0
local2014,Magherafelt,local,5.0,1.0,dea,2.0
local2014,Mid Tyrone,local,6.0,1.0,dea,2.0
local2014,Moyola,local,5.0,1.0,dea,0.0
local2014,Newry,local,6.0,1.0,dea,0.0
local2014,Newtownards,local,7.0,1.0,dea,2.0
local2014,Oldpark,local,6.0,1.0,dea,2.0
local2014,Omagh,local,6.0,1.0,dea,4.0
local2014,Ormiston,local,7.0,1.0,dea,2.0
local2014,Portadown,local,6.0,1.0,dea,4.0
local2014,Rowallane,local,5.0,1.0,dea,0.0
local2014,Slieve Croob,local,5.0,1.0,dea,0.0
local2014,Slieve Gullion,local,7.0,1.0,dea,2.0
local2014,Sperrin,local,7.0,1.0,dea,2.0
local2014,The Glens,local,5.0,1.0,dea,2.0
local2014,The Moor,local,5.0,1.0,dea,2.0
local2014,The Mournes,local,7.0,1.0,dea,4.0
local2014,Three Mile Water,local,6.0,1.0,dea,2.0
local2014,Titanic,local,6.0,1.0,dea,2.0
local2014,Torrent,local,6.0,1.0,dea,2.0
local2014,Waterside,local,7.0,1.0,dea,4.0
local2014,West Tyrone,local,6.0,1.0,dea,0.0
local2019,Airport,local,5.0,1.0,dea,2.0
local2019,Antrim,local,6.0,1.0,dea,2.0
local2019,Ards Peninsula,local,6.0,1.0,dea,0.0
local2019,Armagh,local,6.0,1.0,dea,2.0
local2019,Ballyarnett,local,6.0,1.0,dea,4.0
local2019,Ballyclare,local,5.0,1.0,dea,0.0
local2019,Ballymena,local,7.0,1.0,dea,6.0
local2019,Ballymoney,local,7.0,1.0,dea,4.0
local2019,Balmoral,local,5.0,1.0,dea,2.0
local2019,Banbridge,local,7.0,1.0,dea,2.0
local2019,Bangor Central,local,6.0,1.0,dea,2.0
local2019,Bangor East and Donaghadee,local,6.0,1.0,dea,4.0
local2019,Bangor West,local,5.0,1.0,dea,2.0
local2019,Bann,local,5.0,1.0,dea,2.0
local2019,Bannside,local,6.0,1.0,dea,0.0
local2019,Benbradagh,local,5.0,1.0,dea,0.0
local2019,Black Mountain,local,7.0,1.0,dea,2.0
local2019,Botanic,local,5.0,1.0,dea,2.0
local2019,Braid,local,7.0,1.0,dea,2.0
local2019,Carntogher,local,5.0,1.0,dea,0.0
local2019,Carrick Castle,local,5.0,1.0,dea,2.0
local2019,Castle,local,6.0,1.0,dea,2.0
local2019,Castlereagh East,local,6.0,1.0,dea,0.0
local2019,Castlereagh South,local,7.0,1.0,dea,2.0
local2019,Causeway,local,7.0,1.0,dea,4.0
local2019,Clogher Valley,local,6.0,1.0,dea,0.0
local2019,Coast Road,local,5.0,1.0,dea,0.0
local2019,Coleraine,local,6.0,1.0,dea,2.0
local2019,Collin,local,6.0,1.0,dea,2.0
local2019,Comber,local,5.0,1.0,dea,2.0
local2019,Cookstown,local,7.0,1.0,dea,2.0
local2019,Court,local,6.0,1.0,dea,2.0
local2019,Craigavon,local,5.0,1.0,dea,2.0
local2019,Crotlieve,local,6.0,1.0,dea,2.0
local2019,Cusher,local,5.0,1.0,dea,2.0
local2019,Derg,local,5.0,1.0,dea,2.0
local2019,Downpatrick,local,5.0,1.0,dea,2.0
local2019,Downshire East,local,5.0,1.0,dea,2.0
local2019,Downshire West,local,5.0,1.0,dea,2.0
local2019,Dungannon,local,6.0,1.0,dea,0.0
local2019,Dunsilly,local,5.0,1.0,dea,2.0
local2019,Enniskillen,local,6.0,1.0,dea,4.0
local2019,Erne East,local,6.0,1.0,dea,2.0
local2019,Erne North,local,5.0,1.0,dea,2.0
local2019,Erne West,local,5.0,1.0,dea,2.0
local2019,Faughan,local,5.0,1.0,dea,2.0
local2019,Foyleside,local,5.0,1.0,dea,2.0
local2019,Glengormley Urban,local,7.0,1.0,dea,0.0
local2019,Holywood and Clandeboye,local,5.0,1.0,dea,0.0
local2019,Killultagh,local,5.0,1.0,dea,2.0
local2019,Knockagh,local,5.0,1.0,dea,0.0
local2019,Lagan River,local,5.0,1.0,dea,0.0
local2019,Larne Lough,local,5.0,1.0,dea,0.0
local2019,Limavady,local,5.0,1.0,dea,2.0
local2019,Lisburn North,local,6.0,1.0,dea,2.0
local2019,Lisburn South,local,6.0,1.0,dea,0.0
local2019,Lisnasharragh,local,6.0,1.0,dea,4.0
local2019,Lurgan,local,7.0,1.0,dea,2.0
local2019,Macedon,local,6.0,1.0,dea,2.0
local2019,Magherafelt,local,5.0,1.0,dea,2.0
local2019,Mid Tyrone,local,6.0,1.0,dea,2.0
local2019,Moyola,local,5.0,1.0,dea,2.0
local2019,Newry,local,6.0,1.0,dea,0.0
local2019,Newtownards,local,7.0,1.0,dea,2.0
local2019,Oldpark,local,6.0,1.0,dea,2.0
local2019,Omagh,local,6.0,1.0,dea,4.0
local2019,Ormiston,local,7.0,1.0,dea,2.0
local2019,Portadown,local,6.0,1.0,dea,2.0
local2019,Rowallane,local,5.0,1.0,dea,2.0
local2019,Slieve Croob,local,5.0,1.0,dea,2.0
local2019,Slieve Gullion,local,7.0,1.0,dea,0.0
local2019,Sperrin,local,7.0,1.0,dea,4.0
local2019,The Glens,local,5.0,1.0,dea,2.0
local2019,The Moor,local,5.0,1.0,dea,2.0
local2019,The Mournes,local,7.0,1.0,dea,4.0
local2019,Three Mile Water,local,6.0,1.0,dea,2.0
local2019,Titanic,local,6.0,1.0,dea,4.0
local2019,Torrent,local,6.0,1.0,dea,0.0
local2019,Waterside,local,7.0,1.0,dea,2.0
local2019,West Tyrone,local,6.0,1.0,dea,0.0
local2023,Airport,local,5.0,1.0,dea,4.0
local2023,Antrim,local,6.0,1.0,dea,2.0
local2023,Ards Peninsula,local,6.0,1.0,dea,2.0
local2023,Armagh,local,6.0,1.0,dea,6.0
local2023,Ballyarnett,local,6.0,1.0,dea,2.0
local2023,Ballyclare,local,5.0,1.0,dea,2.0
local2023,Ballymena,local,7.0,1.0,dea,4.0
local2023,Ballymoney,local,7.0,1.0,dea,6.0
local2023,Balmoral,local,5.0,1.0,dea,2.0
local2023,Banbridge,local,7.0,1.0,dea,2.0
local2023,Bangor Central,local,6.0,1.0,dea,4.0
local2023,Bangor East and Donaghadee,local,6.0,1.0,dea,2.0
local2023,Bangor West,local,5.0,1.0,dea,2.0
local2023,Bann,local,5.0,1.0,dea,4.0
local2023,Bannside,local,6.0,1.0,dea,0.0
local2023,Benbradagh,local,5.0,1.0,dea,2.0
local2023,Black Mountain,local,7.0,1.0,dea,4.0
local2023,Botanic,local,5.0,1.0,dea,2.0
local2023,Braid,local,7.0,1.0,dea,2.0
local2023,Carntogher,local,5.0,1.0,dea,4.0
local2023,Carrick Castle,local,5.0,1.0,dea,2.0
local2023,Castle,local,6.0,1.0,dea,2.0
local2023,Castlereagh East,local,6.0,1.0,dea,0.0
local2023,Castlereagh South,local,7.0,1.0,dea,8.0
local2023,Causeway,local,7.0,1.0,dea,4.0
local2023,Clogher Valley,local,6.0,1.0,dea,2.0
local2023,Coast Road,local,5.0,1.0,dea,2.0
local2023,Coleraine,local,6.0,1.0,dea,2.0
local2023,Collin,local,6.0,1.0,dea,4.0
local2023,Comber,local,5.0,1.0,dea,2.0
local2023,Cookstown,local,7.0,1.0,dea,2.0
local2023,Court,local,6.0,1.0,dea,4.0
local2023,Craigavon,local,5.0,1.0,dea,4.0
local2023,Crotlieve,local,6.0,1.0,dea,6.0
local2023,Cusher,local,5.0,1.0,dea,4.0
local2023,Derg,local,5.0,1.0,dea,2.0
local2023,Downpatrick,local,5.0,1.0,dea,4.0
local2023,Downshire East,local,5.0,1.0,dea,2.0
local2023,Downshire West,local,5.0,1.0,dea,2.0
local2023,Dungannon,local,6.0,1.0,dea,4.0
local2023,Dunsilly,local,5.0,1.0,dea,4.0
local2023,Enniskillen,local,6.0,1.0,dea,4.0
local2023,Erne East,local,6.0,1.0,dea,2.0
local2023,Erne North,local,5.0,1.0,dea,2.0
local2023,Erne West,local,5.0,1.0,dea,2.0
local2023,Faughan,local,5.0,1.0,dea,4.0
local2023,Foyleside,local,5.0,1.0,dea,4.0
local2023,Glengormley Urban,local,7.0,1.0,dea,4.0
local2023,Holywood and Clandeboye,local,5.0,1.0,dea,0.0
local2023,Killultagh,local,5.0,1.0,dea,2.0
local2023,Knockagh,local,5.0,1.0,dea,0.0
local2023,Lagan River,local,5.0,1.0,dea,0.0
local2023,Larne Lough,local,5.0,1.0,dea,0.0
local2023,Limavady,local,5.0,1.0,dea,2.0
local2023,Lisburn North,local,6.0,1.0,dea,4.0
local2023,Lisburn South,local,6.0,1.0,dea,2.0
local2023,Lisnasharragh,local,6.0,1.0,dea,2.0
local2023,Lurgan,local,7.0,1.0,dea,4.0
local2023,Macedon,local,6.0,1.0,dea,4.0
local2023,Magherafelt,local,5.0,1.0,dea,2.0
local2023,Mid Tyrone,local,6.0,1.0,dea,2.0
local2023,Moyola,local,5.0,1.0,dea,4.0
local2023,Newry,local,6.0,1.0,dea,4.0
local2023,Newtownards,local,7.0,1.0,dea,2.0
local2023,Oldpark,local,6.0,1.0,dea,4.0
local2023,Omagh,local,6.0,1.0,dea,4.0
local2023,Ormiston,local,7.0,1.0,dea,2.0
local2023,Portadown,local,6.0,1.0,dea,4.0
local2023,Rowallane,local,5.0,1.0,dea,2.0
local2023,Slieve Croob,local,5.0,1.0,dea,6.0
local2023,Slieve Gullion,local,7.0,1.0,dea,2.0
local2023,Sperrin,local,7.0,1.0,dea,4.0
local2023,The Glens,local,5.0,1.0,dea,6.0
local2023,The Moor,local,5.0,1.0,dea,2.0
local2023,The Mournes,local,7.0,1.0,dea,6.0
local2023,Three Mile Water,local,6.0,1.0,dea,0.0
local2023,Titanic,local,6.0,1.0,dea,2.0
local2023,Torrent,local,6.0,1.0,dea,2.0
local2023,Waterside,local,7.0,1.0,dea,2.0
local2023,West Tyrone,local,6.0,1.0,dea,2.0
assembly2016,BELFAST EAST,assembly,6.0,1.0,constituency,0.0
assembly2016,BELFAST NORTH,assembly,6.0,1.0,constituency,2.0
assembly2016,BELFAST SOUTH,assembly,6.0,1.0,constituency,2.0
assembly2016,BELFAST WEST,assembly,6.0,1.0,constituency,0.0
assembly2016,EAST ANTRIM,assembly,6.0,1.0,constituency,2.0
assembly2016,EAST LONDONDERRY,assembly,6.0,1.0,constituency,2.0
assembly2016,FERMANAGH AND SOUTH TYRONE,assembly,6.0,1.0,constituency,2.0
assembly2016,FOYLE,assembly,6.0,1.0,constituency,2.0
assembly2016,LAGAN VALLEY,assembly,6.0,1.0,constituency,2.0
assembly2016,MID ULSTER,assembly,6.0,1.0,constituency,2.0
assembly2016,NEWRY AND ARMAGH,assembly,6.0,1.0,constituency,0.0
assembly2016,NORTH ANTRIM,assembly,6.0,1.0,constituency,0.0
assembly2016,NORTH DOWN,assembly,6.0,1.0,constituency,2.0
assembly2016,SOUTH ANTRIM,assembly,6.0,1.0,constituency,2.0
assembly2016,SOUTH DOWN,assembly,6.0,1.0,constituency,2.0
assembly2016,STRANGFORD,assembly,6.0,1.0,constituency,0.0
assembly2016,UPPER BANN,assembly,6.0,1.0,constituency,2.0
assembly2016,WEST TYRONE,assembly,6.0,1.0,constituency,2.0
assembly2017,BELFAST EAST,assembly,5.0,1.0,constituency,0.0
assembly2017,BELFAST NORTH,assembly,5.0,1.0,constituency,2.0
assembly2017,BELFAST SOUTH,assembly,5.0,1.0,constituency,2.0
assembly2017,BELFAST WEST,assembly,5.0,1.0,constituency,2.0
assembly2017,EAST ANTRIM,assembly,5.0,1.0,constituency,2.0
assembly2017,EAST LONDONDERRY,assembly,5.0,1.0,constituency,0.0
assembly2017,FERMANAGH AND SOUTH TYRONE,assembly,5.0,1.0,constituency,2.0
assembly2017,FOYLE,assembly,5.0,1.0,constituency,0.0
assembly2017,LAGAN VALLEY,assembly,5.0,1.0,constituency,2.0
assembly2017,MID ULSTER,assembly,5.0,1.0,constituency,2.0
assembly2017,NEWRY AND ARMAGH,assembly,5.0,1.0,constituency,0.0
assembly2017,NORTH ANTRIM,assembly,5.0,1.0,constituency,0.0
assembly2017,NORTH DOWN,assembly,5.0,1.0,constituency,0.0
assembly2017,SOUTH ANTRIM,assembly,5.0,1.0,constituency,0.0
assembly2017,SOUTH DOWN,assembly,5.0,1.0,constituency,2.0
assembly2017,STRANGFORD,assembly,5.0,1.0,constituency,0.0
assembly2017,UPPER BANN,assembly,5.0,1.0,constituency,2.0
assembly2017,WEST TYRONE,assembly,5.0,1.0,constituency,0.0
assembly2022,BELFAST EAST,assembly,5.0,1.0,constituency,0.0
assembly2022,BELFAST NORTH,assembly,5.0,1.0,constituency,2.0
assembly2022,BELFAST SOUTH,assembly,5.0,1.0,constituency,2.0
assembly2022,BELFAST WEST,assembly,5.0,1.0,constituency,2.0
assembly2022,EAST ANTRIM,assembly,5.0,1.0,constituency,0.0
assembly2022,EAST LONDONDERRY,assembly,5.0,1.0,constituency,0.0
assembly2022,FERMANAGH AND SOUTH TYRONE,assembly,5.0,1.0,constituency,4.0
assembly2022,FOYLE,assembly,5.0,1.0,constituency,0.0
assembly2022,LAGAN VALLEY,assembly,5.0,1.0,constituency,2.0
assembly2022,MID ULSTER,assembly,5.0,1.0,constituency,0.0
assembly2022,NEWRY AND ARMAGH,assembly,5.0,1.0,constituency,0.0
assembly2022,NORTH ANTRIM,assembly,5.0,1.0,constituency,2.0
assembly2022,NORTH DOWN,assembly,5.0,1.0,constituency,4.0
assembly2022,SOUTH ANTRIM,assembly,5.0,1.0,constituency,0.0
assembly2022,SOUTH DOWN,assembly,5.0,1.0,constituency,2.0
assembly2022,STRANGFORD,assembly,5.0,1.0,constituency,2.0
assembly2022,UPPER BANN,assembly,5.0,1.0,constituency,4.0
assembly2022,WEST TYRONE,assembly,5.0,1.0,constituency,0.0
