order,contest,area,pid,name,y,prior_share,prior_elected,was_party,ex_party_here,prior_same_area,n_prior,n_ind,has_prior,pred
2011.0,assembly,Belfast East,95738,Dawn Purvis,5.2616935109902,0.0,0,0,0,0,0,2,0,5.579407403282797
2011.0,assembly,Belfast East,37449,Stephen Stewart,0.14220793272946486,0.0,0,0,0,0,0,2,0,5.579407403282797
2011.0,assembly,Belfast North,17203,Raymond McCord,3.5135942635195696,0.0,0,0,0,0,0,1,0,5.579407403282797
2011.0,assembly,Belfast West,57055,Brian Pelan,0.3521431664020782,0.0,0,0,0,0,0,1,0,5.579407403282797
2011.0,assembly,East Londonderry,14683,David McClarty,8.64869535165025,0.0,0,0,0,0,0,1,0,5.579407403282797
2011.0,assembly,Fermanagh and South Tyrone,24515,Pat Cox,2.0771266068043084,0.0,0,0,0,0,0,1,0,5.579407403282797
2011.0,assembly,Foyle,78845,Paul McFadden,3.2949777331582877,0.0,0,0,0,0,0,2,0,5.579407403282797
2011.0,assembly,Foyle,90784,Terry Doherty,0.15445208124179474,0.0,0,0,0,0,0,2,0,5.579407403282797
2011.0,assembly,Mid Ulster,44529,Hugh McCloy,2.1830689316299314,0.0,0,0,0,0,0,2,0,5.579407403282797
2011.0,assembly,Mid Ulster,97499,Gary McCann,0.5639009780523188,0.0,0,0,0,0,0,2,0,5.579407403282797
2011.0,assembly,Newry and Armagh,96729,James Malone,0.19349013200326784,0.0,0,0,0,0,0,1,0,5.579407403282797
2011.0,assembly,North Down,43717,Alan McFarland,6.687308705245925,0.0,0,0,0,0,0,2,0,5.579407403282797
2011.0,assembly,North Down,81692,Alan Chambers,6.281585877998434,0.0,0,0,0,0,0,2,0,5.579407403282797
2011.0,assembly,West Tyrone,69533,Paddy McGowan,2.913263618553291,0.0,0,0,0,0,0,2,0,5.579407403282797
2011.0,assembly,West Tyrone,74604,Eugene McMenamin,2.7885912016894383,0.0,0,0,0,0,0,2,0,5.579407403282797
2014.0,local,Ballyarnett,3840353143,Dermot Quigley,13.485045513654097,0.0,0,0,0,0,0,1,0,3.0037400061112374
2014.0,local,Ballyclare,261007732,David McMaster,1.8528416176732585,0.0,0,0,0,0,0,2,0,3.0037400061112374
2014.0,local,Ballyclare,4121107683,Robert Moore,0.694815606627472,0.0,0,0,0,0,0,2,0,3.0037400061112374
2014.0,local,Ballymena,2706792624,James Henry,15.847908745247148,0.0,0,0,0,0,0,2,0,3.0037400061112374
2014.0,local,Ballymena,1417331770,Rodney Quigley,2.67680608365019,0.0,0,0,0,0,0,2,0,3.0037400061112374
2014.0,local,Ballymoney,3901427986,Charley O'Kane,2.3766218018673455,0.0,0,0,0,0,0,1,0,3.0037400061112374
2014.0,local,Balmoral,2557039521,Gerard Collins,0.7864284911807662,0.0,0,0,0,0,0,1,0,3.0037400061112374
2014.0,local,Bangor Central,549867307,Mary Macartney,7.025576255131039,0.0,0,0,0,0,0,3,0,3.0037400061112374
2014.0,local,Bangor Central,4166614194,David Chambers,6.109883170192611,0.0,0,0,0,0,0,3,0,3.0037400061112374
2014.0,local,Bangor Central,2881912743,Colin Breen,4.325860435743606,0.0,0,0,0,0,0,3,0,3.0037400061112374
2014.0,local,Bangor East and Donaghadee,1278033993,(politician),19.152666179693206,0.0,0,0,0,0,0,1,0,3.0037400061112374
2014.0,local,Carrick Castle,3793504592,James Brown ♭,15.14423076923077,0.0,0,0,0,0,0,3,0,3.0037400061112374
2014.0,local,Carrick Castle,2169487937,Nick Wady,2.2493131868131866,0.0,0,0,0,0,0,3,0,3.0037400061112374
2014.0,local,Carrick Castle,2901457013,John Cameron,1.8028846153846154,0.0,0,0,0,0,0,3,0,3.0037400061112374
2014.0,local,Castle,1183557209,Fra Hughes,2.0608810739270185,0.0,0,0,0,0,0,1,0,3.0037400061112374
2014.0,local,Castlereagh East,3703045753,Robert Campbell,1.1386063458327007,0.0,0,0,0,0,0,2,0,3.0037400061112374
2014.0,local,Castlereagh East,1721791833,Sandra Wilson,0.9260664946105966,0.0,0,0,0,0,0,2,0,3.0037400061112374
2014.0,local,Causeway,1038528228,Alison Torrens,3.806181670940748,0.0,0,0,0,0,0,2,0,3.0037400061112374
2014.0,local,Causeway,561084491,Leanne Abernethy,2.7938993116479955,0.0,0,0,0,0,0,2,0,3.0037400061112374
2014.0,local,Coast Road,1578599541,Danny O'Connor,3.491179201485608,0.0,0,0,0,0,0,2,0,3.0037400061112374
2014.0,local,Coast Road,1093526062,John Anderson,2.469823584029712,0.0,0,0,0,0,0,2,0,3.0037400061112374
2014.0,local,Coleraine,340482352,Billy Ellis,4.329268292682927,0.0,0,0,0,0,0,1,0,3.0037400061112374
2014.0,local,Court,4041585136,Willie Faulkner,0.15645371577574968,0.0,0,0,0,0,0,1,0,3.0037400061112374
2014.0,local,Craigavon,3230433934,Kieran Corr,5.787857311599338,0.0,0,0,0,0,0,1,0,3.0037400061112374
2014.0,local,Crotlieve,2506446820,Jarlath Tinnelly,7.559505567473695,0.0,0,0,0,0,0,2,0,3.0037400061112374
2014.0,local,Crotlieve,2232752213,Finbarr Lambe,2.63561140055164,0.0,0,0,0,0,0,2,0,3.0037400061112374
2014.0,local,Cusher,3649837792,Paul Berry,18.364624035071,0.0,0,0,0,0,0,1,0,3.0037400061112374
2014.0,local,Downpatrick,38721,Cadogan Enright,12.879950875038379,2.653022096534535,0,1,0,0,1,1,1,3.0037400061112374
2014.0,local,Dungannon,2280762844,Barry Monteith,19.673458372689247,0.0,0,0,0,0,0,1,0,3.0037400061112374
2014.0,local,Enniskillen,3685270777,Donal O'Cofaigh,8.23808816980852,0.0,0,0,0,0,0,2,0,3.0037400061112374
2014.0,local,Enniskillen,2142812622,Pat Cox,4.64598485972985,0.0,0,0,0,0,0,2,0,3.0037400061112374
2014.0,local,Erne West,2822598219,Bernice Swift,17.261302903365593,0.0,0,0,0,0,0,1,0,3.0037400061112374
2014.0,local,Faughan,2286400033,Paul Hughes,7.929724596391263,0.0,0,0,0,0,0,1,0,3.0037400061112374
2014.0,local,Foyleside,3660423209,Darren O'Reilly,17.132537688442213,0.0,0,0,0,0,0,1,0,3.0037400061112374
2014.0,local,Holywood and Clandeboye,2207812673,Gerard Leddy,0.5524861878453039,0.0,0,0,0,0,0,1,0,3.0037400061112374
2014.0,local,Knockagh,2702941083,Barry Patterson,1.851192595229619,0.0,0,0,0,0,0,1,0,3.0037400061112374
2014.0,local,Lagan River,3311170621,Frazer McCammond,2.0641928170862665,0.0,0,0,0,0,0,1,0,3.0037400061112374
2014.0,local,Lisburn North,1813463374,Jonny Orr,0.4987908101571947,0.0,0,0,0,0,0,1,0,3.0037400061112374
2014.0,local,Magherafelt,439079278,Hugh McCloy,3.308033796362595,0.0,0,0,0,0,0,3,0,3.0037400061112374
2014.0,local,Magherafelt,998970441,Michael Kelly,3.078905914363454,0.0,0,0,0,0,0,3,0,3.0037400061112374
2014.0,local,Magherafelt,4042564401,Robert Kelly,1.6898181297436632,0.0,0,0,0,0,0,3,0,3.0037400061112374
2014.0,local,Newry,3283241967,Davy Hyland,11.85344827586207,0.0,0,0,0,0,0,2,0,3.0037400061112374
2014.0,local,Newry,1829640184,James Malone,0.4650635208711434,0.0,0,0,0,0,0,2,0,3.0037400061112374
2014.0,local,Newtownards,814439154,James Menagh,18.058467990625385,0.0,0,0,0,0,0,3,0,3.0037400061112374
2014.0,local,Newtownards,1425129330,Ian Cox,4.73664734180338,0.0,0,0,0,0,0,3,0,3.0037400061112374
2014.0,local,Newtownards,1641283225,Sharon Hunt,2.541013938571605,0.0,0,0,0,0,0,3,0,3.0037400061112374
2014.0,local,Oldpark,2103491721,Dee Fennell,8.030374940673944,0.0,0,0,0,0,0,1,0,3.0037400061112374
2014.0,local,Omagh,1649455980,Gabrielle McAleer,1.41390338326881,0.0,0,0,0,0,0,1,0,3.0037400061112374
2014.0,local,Rowallane,2167083694,Mickey Coogan,2.14573732718894,0.0,0,0,0,0,0,1,0,3.0037400061112374
2014.0,local,Sperrin,1435123797,Paul Gallagher,9.702380952380953,0.0,0,0,0,0,0,2,0,3.0037400061112374
2014.0,local,Sperrin,4294533238,Eugene McMenamin,6.845238095238095,0.0,0,0,0,0,0,2,0,3.0037400061112374
2014.0,local,The Glens,1557721816,Padraig McShane,12.87189764143672,0.0,0,0,0,0,0,2,0,3.0037400061112374
2014.0,local,The Glens,757544721,Ambrose Laverty,9.665484815785417,0.0,0,0,0,0,0,2,0,3.0037400061112374
2014.0,local,The Moor,3376287690,Gary Donnelly,16.831971995332555,0.0,0,0,0,0,0,2,0,3.0037400061112374
2014.0,local,The Moor,2564007492,Patrick Mellon,1.648191365227538,0.0,0,0,0,0,0,2,0,3.0037400061112374
2014.0,local,Torrent,1002840301,Feargal O'Donnell,8.109422492401215,0.0,0,0,0,0,0,1,0,3.0037400061112374
2014.0,local,Waterside,2715595362,Michael Carlin,1.2794384057971016,0.0,0,0,0,0,0,1,0,3.0037400061112374
2014.0,local,West Tyrone,2184910660,Susan-Anne White,0.8981233243967829,0.0,0,0,0,0,0,1,0,3.0037400061112374
2015.0,westminster,Belfast North,2811,Fra Hughes,1.3031803512920948,0.0,0,0,0,0,0,1,0,6.0759136347225455
2015.0,westminster,Lagan Valley,14950,Jonny Orr,1.8997361477572559,0.0,0,0,0,0,0,1,0,6.0759136347225455
2015.0,westminster,North Antrim,62375,Thomas Palmer,0.136015462810509,0.0,0,0,0,0,0,1,0,6.0759136347225455
2015.0,westminster,North Down,5439,Sylvia Hermon,49.20855704231229,0.0,0,0,0,0,0,1,0,6.0759136347225455
2015.0,westminster,West Tyrone,56488,Susan-Anne White,0.4294510270605888,0.0,0,0,0,0,0,1,0,6.0759136347225455
2016.0,assembly,Belfast East,78283,Maggie Hutton,2.956287827841291,0.0,0,0,0,0,0,1,0,6.760682478587492
2016.0,assembly,Belfast North,2811,Fra Hughes,0.6644064089243725,1.3031803512920948,0,0,0,1,1,2,1,4.9666264348496805
2016.0,assembly,Belfast North,94003,Tom Burns,0.237873899491442,0.0,0,0,0,0,0,2,0,4.9666264348496805
2016.0,assembly,Belfast South,97296,Ruth Patterson,1.2934673093156877,11.888746362982198,0,1,1,1,1,1,1,12.87995087015725
2016.0,assembly,East Londonderry,93507,Claire Sugden,9.50609029332248,0.0,0,0,0,0,0,2,0,4.9666264348496805
2016.0,assembly,East Londonderry,33883,Victor Christie,0.17733073635861507,0.0,0,0,0,0,0,2,0,4.9666264348496805
2016.0,assembly,Foyle,86960,Anne McCloskey,8.588987960304268,0.0,0,0,0,0,0,3,0,5.839219628749989
2016.0,assembly,Foyle,84453,Maurice Devenney,2.954511107752758,0.0,0,0,0,0,0,3,0,5.839219628749989
2016.0,assembly,Foyle,97004,Kathleen Bradley,2.2719258475643542,0.0,0,0,0,0,0,3,0,5.839219628749989
2016.0,assembly,Lagan Valley,14950,Jonny Orr,2.1027977247574188,1.8997361477572559,0,0,0,1,1,1,1,10.740401906356428
2016.0,assembly,Newry and Armagh,99348,Paul Berry,3.4852771665094835,0.0,0,0,0,0,0,2,0,4.9666264348496805
2016.0,assembly,Newry and Armagh,5320,Martin McAllister,1.9700303887666353,0.0,0,0,0,0,0,2,0,4.9666264348496805
2016.0,assembly,North Down,41413,Brian Wilson,4.39045580067641,0.0,0,0,0,0,0,1,0,6.760682478587492
2016.0,assembly,South Antrim,57494,David McMaster,1.3747758517632995,0.0,0,0,0,0,0,1,0,6.760682478587492
2016.0,assembly,South Down,64012,John McCallister,2.814363968350578,10.56655322820304,1,1,1,1,1,1,1,12.87995087015725
2016.0,assembly,Strangford,74853,Jimmy Menagh,5.637427617267686,0.0,0,0,0,0,0,2,0,4.9666264348496805
2016.0,assembly,Strangford,80601,Rab McCartney,0.3278286712215448,0.0,0,0,0,0,0,2,0,4.9666264348496805
2016.0,assembly,Upper Bann,1166,Stephen McCarroll,0.0722321936698332,0.0,0,0,0,0,0,1,0,6.760682478587492
2016.0,assembly,West Tyrone,65441,Josephine Deehan,4.5814115282537555,0.0,0,0,0,0,0,5,0,5.839219628749989
2016.0,assembly,West Tyrone,66418,Sorcha McAnespy,2.1335257285681157,0.0,0,0,0,0,0,5,0,5.839219628749989
2016.0,assembly,West Tyrone,16975,Patsy Kelly,1.7032131722023243,0.0,0,0,0,0,0,5,0,5.839219628749989
2016.0,assembly,West Tyrone,79633,Corey French,0.31951351490633617,0.0,0,0,0,0,0,5,0,5.839219628749989
2016.0,assembly,West Tyrone,56488,Susan-Anne White,0.21902136102450462,0.4294510270605888,0,0,0,1,1,5,1,5.839219628749989
2017.0,assembly,Belfast East,3126,Jordy McKeag,0.2081423297073618,0.0,0,0,0,0,0,1,0,6.267465858989417
2017.0,assembly,Belfast North,14647,Adam Millar,0.15908981343103698,0.0,0,0,0,0,0,1,0,6.267465858989417
2017.0,assembly,East Antrim,29760,Ricky Best,0.28324070115433947,0.0,0,0,0,0,0,1,0,6.267465858989417
2017.0,assembly,East Londonderry,93507,Claire Sugden,11.745038569006281,9.50609029332248,1,0,0,1,1,2,1,1.5898738770882872
2017.0,assembly,East Londonderry,24097,Gerry Mullan,2.875361211281733,9.491554987063578,1,1,1,1,2,2,1,1.5981737217176033
2017.0,assembly,Foyle,14746,Arthur McGuinness,0.09861932938856016,0.0,0,0,0,0,0,1,0,6.267465858989417
2017.0,assembly,Lagan Valley,14950,Jonny Orr,1.8993099469702013,2.1027977247574188,0,0,0,1,2,2,1,1.08083975742838
2017.0,assembly,Lagan Valley,36377,Keith Gray,0.16863032239455059,0.0,0,0,0,0,0,2,0,4.622409144444531
2017.0,assembly,Mid Ulster,44529,Hugh McCloy,0.4972019807560691,2.1830689316299314,0,0,0,1,1,1,1,2.102806757737866
2017.0,assembly,North Antrim,63791,Monica Digney,0.904478729155404,0.0,0,0,0,0,0,2,0,4.622409144444531
2017.0,assembly,North Antrim,22342,Adam McBride,0.2349565434357716,0.0,0,0,0,0,0,2,0,4.622409144444531
2017.0,assembly,North Down,44574,Melanie Kennedy,3.30162431436975,0.0,0,0,0,0,0,3,0,5.592401381019079
2017.0,assembly,North Down,18126,Chris Carter,0.24377964439969263,0.0,0,0,0,0,0,3,0,5.592401381019079
2017.0,assembly,North Down,17371,Gavan Reynolds,0.08214314104772251,0.0,0,0,0,0,0,3,0,5.592401381019079
2017.0,assembly,South Antrim,57494,David McMaster,1.1878896655960702,1.3747758517632995,0,0,0,1,1,1,1,1.6863766729907126
2017.0,assembly,South Down,19176,Patrick Clarke,0.3886718354622563,0.0,0,0,0,0,0,1,0,6.267465858989417
2017.0,assembly,Strangford,74853,Jimmy Menagh,4.194920716771948,5.637427617267686,0,0,0,1,1,2,1,1.0849740064313793
2017.0,assembly,Strangford,39317,Jonathan Bell,3.8133298955781876,10.3955390790159,1,1,1,1,3,2,1,1.5981737217176033
2017.0,assembly,West Tyrone,66418,Sorcha McAnespy,1.9492385786802031,2.1335257285681157,0,0,0,1,1,4,1,1.7913120736374728
2017.0,assembly,West Tyrone,79633,Corey French,0.22109419063733785,0.31951351490633617,0,0,0,1,1,4,1,1.2275156017122584
2017.0,assembly,West Tyrone,62838,Roisin McMackin,0.19176536943034406,0.0,0,0,0,0,0,4,0,5.592401381019079
2017.0,assembly,West Tyrone,56488,Susan-Anne White,0.09249858996051889,0.21902136102450462,0,0,0,1,2,4,1,1.2275156017122584
2017.5,westminster,Belfast East,40278,Bobby Beck,0.12590347400326415,0.0,0,0,0,0,0,1,0,5.54835208779345
2017.5,westminster,Lagan Valley,14950,Jonny Orr,0.4941459288607933,1.8993099469702013,0,0,0,1,3,1,1,2.094868641434415
2017.5,westminster,North Down,5439,Sylvia Hermon,41.20964654842414,49.20855704231229,1,0,0,1,1,2,1,10.449132351249043
2017.5,westminster,North Down,17371,Gavan Reynolds,0.09442388669133597,0.08214314104772251,0,0,0,1,1,2,1,1.28852145243666
2019.0,local,Antrim,3904083579,Adrian Cochrane-Watson,5.581467661691542,13.224393530997304,1,1,1,1,1,1,1,2.6039702602285018
2019.0,local,Armagh,2025733911,Pol Oh-Again,0.2200738819460819,0.0,0,0,0,0,0,1,0,5.4217332494859845
2019.0,local,Ballyarnett,2904597533,Warren Robinson,6.673629242819843,0.0,0,0,0,0,0,1,0,5.4217332494859845
2019.0,local,Ballyclare,545194325,Michael Stewart,17.490381769754364,0.0,0,0,0,0,0,2,0,4.324102621206439
2019.0,local,Ballyclare,613577180,David Arthurs,6.762355726546316,0.0,0,0,0,0,0,2,0,4.324102621206439
2019.0,local,Ballymena,2706792624,James Henry,12.57208765859285,15.847908745247148,1,0,0,1,1,3,1,9.899334099601493
2019.0,local,Ballymena,1417331770,Rodney Quigley,6.242791234140715,2.67680608365019,0,0,0,1,1,3,1,4.377347561540629
2019.0,local,Ballymena,2655336994,Conal Stewart,1.5426758938869665,0.0,0,0,0,0,0,3,0,4.860013907991215
2019.0,local,Ballymoney,2243351984,Ian Stevenson,2.513998400182836,7.19049351279253,1,1,1,1,1,1,1,2.9810894034429616
2019.0,local,Bangor Central,1062634645,Ray McKimm,6.837025961669158,0.0,0,0,0,0,0,4,0,0.22575458223853032
2019.0,local,Bangor Central,4072193164,Noelle Robinson,5.749626206334104,0.0,0,0,0,0,0,4,0,0.22575458223853032
2019.0,local,Bangor Central,3981253860,Maria Lourenço,4.9204838928911245,0.0,0,0,0,0,0,4,0,0.22575458223853032
2019.0,local,Bangor Central,3522911590,Gavan Reynolds,0.4485523990757102,0.0,0,0,0,0,0,4,0,0.22575458223853032
2019.0,local,Bangor East and Donaghadee,3540951047,Tom Smith,10.068439062911292,7.903579254930606,1,1,1,1,1,1,1,2.9810894034429616
2019.0,local,Botanic,1007484523,Declan Boyle,6.407154129405576,0.0,0,0,0,0,0,1,0,5.4217332494859845
2019.0,local,Braid,3077369038,Marian Maguire,4.1968325791855206,7.254752851711027,0,1,1,0,1,2,1,8.617332381796219
2019.0,local,Braid,4270498463,Roni Browne,1.6515837104072397,0.0,0,0,0,0,0,2,0,4.324102621206439
2019.0,local,Carntogher,2109678433,James Armour,1.7365043412608532,0.0,0,0,0,0,0,1,0,5.4217332494859845
2019.0,local,Carrick Castle,1392676644,Noel Jordan,7.624270298956306,12.860576923076923,1,1,1,1,1,2,1,5.445826810754072
2019.0,local,Carrick Castle,917397462,Nicholas Wady,4.3162922342119225,0.0,0,0,0,0,0,2,0,4.324102621206439
2019.0,local,Castle,167116203,Patrick Convery,3.336283185840708,0.0,0,0,0,0,0,2,0,4.324102621206439
2019.0,local,Castle,3709492653,Cathal Mullaghan,0.672566371681416,5.237284930988845,0,1,1,1,1,2,1,2.0321392940764453
2019.0,local,Castlereagh South,87910,Geraldine Rice,2.610994822077779,0.0,0,0,0,0,0,1,0,5.4217332494859845
2019.0,local,Causeway,2884223396,David Alexander,6.788832861886607,3.5767310028343906,0,1,0,1,1,1,1,3.272486786510315
2019.0,local,Coast Road,2575476852,Martin Wilson,8.190883190883191,7.7251624883936865,0,1,0,1,1,1,1,4.6333175801660555
2019.0,local,Comber,2167280418,John Sloan,1.1184311322200091,0.0,0,0,0,0,0,1,0,5.4217332494859845
2019.0,local,Court,2757776026,Jolene Bunting,3.1031739015118025,0.0,0,0,0,0,0,1,0,5.4217332494859845
2019.0,local,Crotlieve,2506446820,Jarlath Tinnelly,12.29965156794425,7.559505567473695,1,0,0,1,1,3,1,6.996109954198934
2019.0,local,Crotlieve,3313454220,Mark Gibbons,10.357142857142858,8.764940239043824,0,1,1,1,1,3,1,2.5801378862452378
2019.0,local,Crotlieve,3622376849,Jim Boylan,6.86411149825784,0.0,0,0,0,0,0,3,0,4.860013907991215
2019.0,local,Cusher,3649837792,Paul Berry,17.53513136074016,18.364624035071,1,0,0,1,1,2,1,9.707342481484325
2019.0,local,Cusher,3281698821,Paul Bowbanks,2.1035175002182074,0.0,0,0,0,0,0,2,0,4.324102621206439
2019.0,local,Derg,3281950227,Andy Patton,9.182908545727136,0.0,0,0,0,0,0,1,0,5.4217332494859845
2019.0,local,Downpatrick,210432448,(politician),14.239306984298864,0.0,0,0,0,0,0,1,0,5.4217332494859845
2019.0,local,Dungannon,2280762844,Barry Monteith,17.048468772606704,19.673458372689247,1,0,0,1,1,2,1,9.707342481484325
2019.0,local,Dungannon,1231392668,Niall Bowen,4.1596334699782975,0.0,0,0,0,0,0,2,0,4.324102621206439
2019.0,local,Erne East,1959028906,John McCluskey,15.2081362346263,0.0,0,0,0,0,0,2,0,4.324102621206439
2019.0,local,Erne East,2302081327,Caroline Wheeler,2.412488174077578,0.0,0,0,0,0,0,2,0,4.324102621206439
2019.0,local,Erne West,2822598219,Bernice Swift,15.693974272173325,17.261302903365593,1,0,0,1,1,2,1,9.707342481484325
2019.0,local,Erne West,4283619799,Trevor Armstrong,6.9329722410291135,0.0,0,0,0,0,0,2,0,4.324102621206439
2019.0,local,Faughan,634667608,Paul Thomas Hughes,10.261794764104717,0.0,0,0,0,0,0,1,0,5.4217332494859845
2019.0,local,Foyleside,397082136,Sean Carr,11.171513998369122,0.0,0,0,0,0,0,1,0,5.4217332494859845
2019.0,local,Killultagh,1717244638,Stuart Brown,1.4238190286094479,0.0,0,0,0,0,0,1,0,5.4217332494859845
2019.0,local,Knockagh,2157818148,Bobby Hadden,13.992635455023672,0.0,0,0,0,0,0,1,0,5.4217332494859845
2019.0,local,Lagan River,1723110570,Sammy Ogle,2.4425934263845113,0.0,0,0,0,0,0,1,0,5.4217332494859845
2019.0,local,Lisburn South,1813463374,Jonny Orr,7.6702097098534905,0.4987908101571947,0,0,0,0,1,1,1,7.727995114147002
2019.0,local,Lisnasharragh,892514497,Kate Mullan,1.8434845472618833,0.0,0,0,0,0,0,1,0,5.4217332494859845
2019.0,local,Macedon,45466384,Stafford Ward,5.480984340044743,0.0,0,0,0,0,0,1,0,5.4217332494859845
2019.0,local,Mid Tyrone,4194828538,Emmet McAleer,11.090504451038576,0.0,0,0,0,0,0,1,0,5.4217332494859845
2019.0,local,Newry,279145609,Gavin Malone,23.19191919191919,0.0,0,0,0,0,0,1,0,5.4217332494859845
2019.0,local,Newtownards,2966279344,Jimmy Menagh,25.632418175278744,0.0,0,0,0,0,0,2,0,4.324102621206439
2019.0,local,Newtownards,2733607747,Ben King,0.28773528353914396,0.0,0,0,0,0,0,2,0,4.324102621206439
2019.0,local,Omagh,65441,Josephine Deehan,11.441144114411442,4.5814115282537555,0,0,0,0,1,4,1,8.658918848078642
2019.0,local,Omagh,66418,Sorcha McAnespy,3.048876316203049,1.9492385786802031,0,0,0,0,2,4,1,7.220677960677946
2019.0,local,Omagh,2152263802,Joanne Donnelly,2.0116297344020118,0.0,0,0,0,0,0,4,0,0.22575458223853032
2019.0,local,Omagh,443710134,Will Convey,0.6757818639006757,0.0,0,0,0,0,0,4,0,0.22575458223853032
2019.0,local,Portadown,83170,David Jones,2.3701327630758264,2.3464518670927634,0,1,1,0,1,1,1,9.63207643827656
2019.0,local,Rowallane,1273365878,Martyn Todd,6.142158125160958,0.0,0,0,0,0,0,1,0,5.4217332494859845
2019.0,local,Sperrin,1435123797,Paul Gallagher,10.164506938700487,9.702380952380953,1,0,0,1,1,5,1,10.641921361484654
2019.0,local,Sperrin,2454110883,Raymond Barr,8.455105229298777,0.0,0,0,0,0,0,5,0,2.1798421610960768
2019.0,local,Sperrin,16975,Patsy Kelly,5.468247403731275,1.7032131722023243,0,0,0,0,1,5,1,7.25966492534288
2019.0,local,Sperrin,3825741675,Pauline McHenry,1.1763624666850474,0.0,0,0,0,0,0,5,0,2.1798421610960768
2019.0,local,Sperrin,775243812,Corey French,0.955794504181601,0.0,0,0,0,0,0,5,0,2.1798421610960768
2019.0,local,The Glens,757544721,Ambrose Laverty,18.80938242280285,9.665484815785417,0,0,0,1,1,1,1,5.087252210113287
2019.0,local,The Moor,3376287690,Gary Donnelly,17.73360867320599,16.831971995332555,1,0,0,1,1,2,1,9.707342481484325
2019.0,local,The Moor,15049320,Emmet Doyle,6.401652039235932,9.859976662777129,0,1,1,1,1,2,1,5.5392905524657605
2019.0,local,The Mournes,4241803821,(politician),11.954725710508923,18.068077276908923,1,1,0,1,1,1,1,6.304602541788671
2019.0,local,Three Mile Water,1027248750,Gary Grattan,3.16941444002274,5.5858310626703,0,1,0,1,1,1,1,3.6390720652696236
2019.0,local,Titanic,2467288327,Karl Bennett,4.731727925644275,0.0,0,0,0,0,0,1,0,5.4217332494859845
2019.0,local,Torrent,620997562,Dan Kerr,16.761925697955594,0.0,0,0,0,0,0,1,0,5.4217332494859845
2019.5,westminster,Fermanagh and South Tyrone,24954,Caroline Wheeler,1.4794531342342698,0.0,0,0,0,0,0,1,0,6.050903041475635
2019.5,westminster,Mid Ulster,67662,Conor Rafferty,1.5463917525773196,0.0,0,0,0,0,0,1,0,6.050903041475635
2019.5,westminster,North Antrim,62375,Thomas Palmer,0.5584436221652176,0.136015462810509,0,0,0,1,1,1,1,0.8712717326384641
2022.0,assembly,Belfast North,29379,Stafford Ward,1.0624198839811414,0.0,0,0,0,0,0,1,0,5.905323703303007
2022.0,assembly,Belfast South,87007,Elly Odhiambo,0.22796028803954152,0.0,0,0,0,0,0,1,0,5.905323703303007
2022.0,assembly,Belfast West,75734,Gerard Burns,0.43972150971051666,0.0,0,0,0,0,0,3,0,4.8053921371977175
2022.0,assembly,Belfast West,35983,Tony Mallon,0.2954378893367534,0.0,0,0,0,0,0,3,0,4.8053921371977175
2022.0,assembly,Belfast West,88362,Declan Hill,0.05954562110663247,0.0,0,0,0,0,0,3,0,4.8053921371977175
2022.0,assembly,East Londonderry,93507,Claire Sugden,8.974301172227232,11.745038569006281,1,0,0,1,2,4,1,8.610807526416163
2022.0,assembly,East Londonderry,89162,Stephanie Quigley,3.3881875563570785,10.779917133804533,0,1,1,1,2,4,1,4.594271625353208
2022.0,assembly,East Londonderry,90248,Niall Murphy,0.4080252479711452,0.0,0,0,0,0,0,4,0,2.991710142536415
2022.0,assembly,East Londonderry,37823,Billy Stewart,0.1848512173128945,0.0,0,0,0,0,0,4,0,2.991710142536415
2022.0,assembly,Fermanagh and South Tyrone,38854,Emma DeSouza,0.46331615280129507,0.0,0,0,0,0,0,2,0,5.036172430254854
2022.0,assembly,Fermanagh and South Tyrone,23463,Derek Backhouse,0.23817055244403923,0.0,0,0,0,0,0,2,0,5.036172430254854
2022.0,assembly,Foyle,86960,Anne McCloskey,1.8222942983953567,4.310198540641439,0,1,1,1,2,1,1,2.034900348561102
2022.0,assembly,Lagan Valley,46589,Gary Hynds,1.4402445476456411,2.1032925889219247,0,1,0,1,2,1,1,1.8986683143750123
2022.0,assembly,Mid Ulster,57903,Patrick Haughey,1.6966859486544525,0.0,0,0,0,0,0,1,0,5.905323703303007
2022.0,assembly,Newry and Armagh,100003,Gavin Malone,5.361388492629577,0.0,0,0,0,0,0,1,0,5.905323703303007
2022.0,assembly,North Antrim,26791,Laird Shingleton,0.13037294563843235,0.0,0,0,0,0,0,1,0,5.905323703303007
2022.0,assembly,North Down,92771,Alex Easton,22.921208346309562,37.86629923972148,0,1,1,1,6,3,1,39.20684233052717
2022.0,assembly,North Down,3243,Ray McKimm,1.4469491890855952,0.0,0,0,0,0,0,3,0,4.8053921371977175
2022.0,assembly,North Down,18126,Chris Carter,0.17248400929497162,0.24377964439969263,0,0,0,1,1,3,1,1.2922411809756855
2022.0,assembly,South Antrim,2587,Andrew Moran,0.5728528948749344,0.0,0,0,0,0,0,1,0,5.905323703303007
2022.0,assembly,South Down,19176,Patrick Clarke,0.24384917746396856,0.3886718354622563,0,0,0,1,1,1,1,1.7074758609736853
2022.0,assembly,Strangford,78685,Ben King,0.28875565887678944,0.0,0,0,0,0,0,1,0,5.905323703303007
2022.0,assembly,West Tyrone,70499,Paul Gallagher,3.656998738965952,0.0,0,0,0,0,0,2,0,5.036172430254854
2022.0,assembly,West Tyrone,59057,Barry Brown,0.2587293994868896,0.9037391344340707,0,1,0,1,4,2,1,0.0
2023.0,local,Ards Peninsula,3050380295,Boyd Ireland,1.17595818815331,0.0,0,0,0,0,0,1,0,5.462108594912565
2023.0,local,Ballyclare,545194325,Michael Stewart,12.917594654788418,17.490381769754364,1,0,0,1,1,1,1,13.58756322417874
2023.0,local,Ballymena,1417331770,Rodney Quigley,14.021381578947368,6.242791234140715,1,0,0,1,2,1,1,4.157178665326555
2023.0,local,Ballymoney,1455079270,Cathal McLaughlin,1.5545080734128973,10.353102502571135,1,1,1,1,1,1,1,4.485072914766045
2023.0,local,Bangor Central,2116483353,Wesley Irvine,16.201183431952664,10.151562993369119,1,1,1,1,1,2,1,5.666931353410397
2023.0,local,Bangor Central,1062634645,Ray McKimm,10.47337278106509,6.837025961669158,1,0,0,1,1,2,1,4.816306052752316
2023.0,local,Bangor East and Donaghadee,2859679412,Bill Keery,7.5447269303201505,8.151935719503287,1,1,1,1,1,2,1,8.530811057625943
2023.0,local,Bangor East and Donaghadee,3540951047,Tom Smith,5.414312617702448,10.068439062911292,1,0,0,1,2,2,1,10.173328872400889
2023.0,local,Bangor West,900143215,Susan Prentice,7.840122982321291,0.0,0,0,0,0,0,1,0,5.462108594912565
2023.0,local,Bann,33610,Adrian McQuillan,8.85436402677782,9.268502376232895,0,1,1,0,3,1,1,5.7635823567639335
2023.0,local,Benbradagh,1928955845,Niall Murphy,1.4771424933146569,0.0,0,0,0,0,0,1,0,5.462108594912565
2023.0,local,Castlereagh South,3270358272,Andrew Miller,0.48109965635738833,0.0,0,0,0,0,0,1,0,5.462108594912565
2023.0,local,Causeway,2884223396,David Alexander,4.017705141300647,6.788832861886607,0,0,0,1,2,2,1,3.4425932508701718
2023.0,local,Causeway,54895,Angela Mulholland,3.711270003404835,2.4207616542765895,0,1,1,0,2,2,1,1.0883124575636332
2023.0,local,Clogher Valley,2716984758,Kevin McElvogue,12.682881371726772,0.0,0,0,0,0,0,1,0,5.462108594912565
2023.0,local,Coleraine,1560822328,George Duddy,6.087662337662338,12.14415930444538,1,1,1,1,2,1,1,0.9614715316713325
2023.0,local,Collin,2593709912,Julieann McNally,2.635725540753474,0.0,0,0,0,0,0,2,0,4.847836749683225
2023.0,local,Collin,3112195710,Tony Mallon,1.1889414124050997,0.0,0,0,0,0,0,2,0,4.847836749683225
2023.0,local,Comber,85704,Stephen Cooper,4.419434531979138,12.690566499449407,0,1,1,0,5,2,1,5.536540364240942
2023.0,local,Comber,2167280418,John Sloan,0.6450727422454021,1.1184311322200091,0,0,0,1,1,2,1,0.8447759898747021
2023.0,local,Cookstown,4081012893,Louise Taylor,0.4276827371695179,0.0,0,0,0,0,0,1,0,5.462108594912565
2023.0,local,Court,2420346696,Geoffrey Wilson,0.1497130499875239,0.0,0,0,0,0,0,1,0,5.462108594912565
2023.0,local,Crotlieve,3313454220,Mark Gibbons,8.469278853483763,10.357142857142858,1,0,0,1,2,4,1,8.778785950330965
2023.0,local,Crotlieve,2506446820,Jarlath Tinnelly,7.950907150480256,12.29965156794425,1,0,0,1,2,4,1,8.676560216090367
2023.0,local,Crotlieve,3622376849,Jim Boylan,6.2357066626010065,6.86411149825784,0,0,0,1,1,4,1,6.165172324646939
2023.0,local,Crotlieve,2232752213,Finbarr Lambe,0.17533160542765666,2.63561140055164,0,0,0,1,1,4,1,7.86135082841503
2023.0,local,Cusher,3649837792,Paul Berry,16.769832220231308,17.53513136074016,1,0,0,1,2,1,1,12.637418581955929
2023.0,local,Derg,3281950227,Andy Patton,5.930518189261902,9.182908545727136,0,0,0,1,1,1,1,15.688837191766824
2023.0,local,Downpatrick,3222588737,Éamon Mac Con Midhe,4.943105346873853,0.0,0,0,0,0,0,1,0,5.462108594912565
2023.0,local,Dungannon,2280762844,Barry Monteith,12.278876170655566,17.048468772606704,1,0,0,1,2,2,1,14.753297961697333
2023.0,local,Dungannon,4283697094,Marian Vincent,6.534859521331946,0.0,0,0,0,0,0,2,0,4.847836749683225
2023.0,local,Erne East,1912301164,Eamon Keenan,6.605331446095778,0.0,0,0,0,0,0,2,0,4.847836749683225
2023.0,local,Erne East,730279581,Tina McDermott,2.8072658645907054,0.0,0,0,0,0,0,2,0,4.847836749683225
2023.0,local,Erne West,4224291033,Paul McColdrick,6.670181914052201,0.0,0,0,0,0,0,1,0,5.462108594912565
2023.0,local,Faughan,335063882,Graham Warke,3.446571957998765,0.0,0,0,0,0,0,1,0,5.462108594912565
2023.0,local,Glengormley Urban,1561393794,Michael Maguire,1.163719338277239,4.244867111726918,0,1,1,1,2,1,1,1.8888691481413824
2023.0,local,Killultagh,1717244638,Stuart Brown,0.9306765302469873,1.4238190286094479,0,0,0,1,1,1,1,1.277616176907877
2023.0,local,Knockagh,2157818148,Bobby Hadden,18.22386679000925,13.992635455023672,1,0,0,1,1,1,1,11.544476266207589
2023.0,local,Limavady,2187559242,James McCorkell,9.318520974962693,8.413767983973775,1,1,1,1,1,2,1,8.530811057625943
2023.0,local,Limavady,2215947657,Billy Stewart,0.5140109434587962,0.0,0,0,0,0,0,2,0,4.847836749683225
2023.0,local,Lisburn North,2733962505,Gary Hynds,10.540028422548556,5.776321179844326,0,1,0,1,1,1,1,4.23273411318721
2023.0,local,Macedon,45466384,Stafford Ward,6.841809497049733,5.480984340044743,0,0,0,1,1,1,1,3.710069394887326
2023.0,local,Mid Tyrone,4194828538,Emmet McAleer,7.363615078435964,11.090504451038576,1,0,0,1,1,1,1,9.882865426167003
2023.0,local,Newry,1228671847,Mariya Krupska,1.999808630753038,0.0,0,0,0,0,0,1,0,5.462108594912565
2023.0,local,Newtownards,379247558,Steven Irvine,15.756596661281637,0.0,0,0,0,0,0,3,0,4.10066040931293
2023.0,local,Newtownards,1425129330,Ian Cox,5.6758212170166935,4.73664734180338,0,0,0,1,1,3,1,6.9039477861972
2023.0,local,Newtownards,2733607747,Ben King,0.25848142164781907,0.28773528353914396,0,0,0,1,1,3,1,0.3565019520620203
2023.0,local,Oldpark,4141168732,Paul McCusker,14.127446223516092,0.0,0,0,0,0,0,1,0,5.462108594912565
2023.0,local,Omagh,65441,Josephine Deehan,7.067510548523207,11.441144114411442,1,0,0,1,2,2,1,9.784616443377146
2023.0,local,Omagh,2893575619,Kathy Dunphy,1.2055455093429777,0.0,0,0,0,0,0,2,0,4.847836749683225
2023.0,local,Sperrin,1435123797,Paul Gallagher,8.821537419573316,10.164506938700487,1,0,0,1,2,3,1,9.434549688601487
2023.0,local,Sperrin,2454110883,Raymond Barr,8.33897731120894,8.455105229298777,1,0,0,1,1,3,1,13.985525153039305
2023.0,local,Sperrin,16975,Patsy Kelly,2.0826278360988826,5.468247403731275,0,0,0,1,2,3,1,4.127471377608807
2023.0,local,The Moor,3376287690,Gary Donnelly,25.25348114100311,17.73360867320599,1,0,0,1,2,1,1,13.304556274783735
2023.0,local,Torrent,620997562,Dan Kerr,13.119533527696793,16.761925697955594,1,0,0,1,1,2,1,17.649295481401335
2023.0,local,Torrent,269478717,Teresa Quinn,5.849713157152262,0.0,0,0,0,0,0,2,0,4.847836749683225
2024.0,westminster,Belfast East,78204,Ryan North,0.3793377979674987,0.0,0,0,0,0,0,1,0,5.325607716572051
2024.0,westminster,Belfast West,35983,Tony Mallon,0.4051027853961704,0.2954378893367534,0,0,0,1,1,1,1,0.7287894478328357
2024.0,westminster,Foyle,86960,Anne McCloskey,3.9600604828197508,1.8222942983953567,0,0,0,1,3,1,1,0.8358558450269253
2024.0,westminster,Mid Ulster,3572,John Kelly,0.3982836395643085,0.0,0,0,0,0,0,1,0,5.325607716572051
2024.0,westminster,North Antrim,75979,Tristan Morrow,0.330217312128202,0.0,0,0,0,0,0,1,0,5.325607716572051
2024.0,westminster,North Down,92771,Alex Easton,48.30238359201774,22.921208346309562,1,0,0,1,7,2,1,20.10803908998004
2024.0,westminster,North Down,18126,Chris Carter,0.27023281596452325,0.17248400929497162,0,0,0,1,2,2,1,0.0
2024.0,westminster,Strangford,88193,Garreth Falls,0.6579454624893983,0.0,0,0,0,0,0,2,0,4.683369719533071
2024.0,westminster,Strangford,22064,Gareth Burns,0.40350561566732634,0.0,0,0,0,0,0,2,0,4.683369719533071
