DZ21,catholic_bg_pct,proj_unity_pct,provenance
N20000001,9.2,23.7,modelled
N20000004,44.3,44.4,modelled
N20000005,6.3,21.9,modelled
N20000006,36.1,39.5,modelled
N20000007,87.7,70.0,modelled
N20000008,52.6,49.3,modelled
N20000009,18.3,29.0,modelled
N20000010,5.9,21.7,modelled
N20000011,23.5,32.1,modelled
N20000012,18.5,29.1,modelled
N20000013,28.2,34.9,modelled
N20000015,91.6,72.3,modelled
N20000016,54.4,50.4,modelled
N20000017,87.1,69.7,modelled
N20000018,84.5,68.1,modelled
N20000019,44.7,44.6,modelled
N20000020,52.6,49.3,modelled
N20000022,93.8,73.6,modelled
N20000023,58.3,52.7,modelled
N20000025,44.5,44.5,modelled
N20000026,5.0,21.2,modelled
N20000027,47.6,46.3,modelled
N20000028,58.3,52.7,modelled
N20000030,13.9,26.4,modelled
N20000031,4.9,21.1,modelled
N20000032,85.4,68.7,modelled
N20000033,85.8,68.9,modelled
N20000034,86.8,69.5,modelled
N20000035,50.1,47.8,modelled
N20000036,47.3,46.2,modelled
N20000037,43.9,44.2,modelled
N20000038,39.5,41.6,modelled
N20000039,33.9,38.2,modelled
N20000040,55.1,50.8,modelled
N20000041,37.6,40.4,modelled
N20000042,40.0,41.8,modelled
N20000043,34.6,38.7,modelled
N20000044,39.5,41.6,modelled
N20000045,48.2,46.7,modelled
N20000046,19.7,29.9,modelled
N20000047,29.7,35.8,modelled
N20000048,44.4,44.4,modelled
N20000049,59.7,53.5,modelled
N20000051,71.1,60.2,modelled
N20000052,32.2,37.2,modelled
N20000053,43.3,43.8,modelled
N20000054,13.9,26.4,modelled
N20000055,12.9,25.8,modelled
N20000056,29.6,35.7,modelled
N20000057,47.8,46.5,modelled
N20000058,18.8,29.3,modelled
N20000059,53.9,50.1,modelled
N20000060,41.3,42.6,modelled
N20000061,26.9,34.1,modelled
N20000062,18.6,29.2,modelled
N20000063,37.7,40.5,modelled
N20000064,32.8,37.6,modelled
N20000065,41.3,42.6,modelled
N20000066,53.4,49.8,modelled
N20000067,45.8,45.3,modelled
N20000068,35.8,39.4,modelled
N20000069,33.3,37.9,modelled
N20000070,31.4,36.8,modelled
N20000071,37.8,40.5,modelled
N20000072,26.1,33.6,modelled
N20000073,16.5,28.0,modelled
N20000074,13.9,26.4,modelled
N20000075,33.4,37.9,modelled
N20000076,44.1,44.3,modelled
N20000077,25.6,33.3,modelled
N20000078,17.4,28.5,modelled
N20000079,6.4,22.0,modelled
N20000080,24.7,32.8,modelled
N20000081,27.1,34.2,modelled
N20000082,9.0,23.5,modelled
N20000083,32.0,37.1,modelled
N20000084,39.2,41.4,modelled
N20000085,26.0,33.6,modelled
N20000086,3.5,20.3,modelled
N20000087,4.6,20.9,modelled
N20000088,3.2,20.1,modelled
N20000089,7.5,22.6,modelled
N20000090,6.2,21.9,modelled
N20000091,2.3,19.6,modelled
N20000092,6.9,22.3,modelled
N20000093,3.0,20.0,modelled
N20000094,5.7,21.6,modelled
N20000096,3.7,20.4,modelled
N20000097,4.8,21.1,modelled
N20000100,4.2,20.7,modelled
N20000101,3.0,20.0,modelled
N20000102,7.1,22.4,modelled
N20000103,7.2,22.5,modelled
N20000104,4.5,20.9,modelled
N20000105,7.5,22.6,modelled
N20000106,7.0,22.4,modelled
N20000107,12.0,25.3,modelled
N20000108,7.0,22.4,modelled
N20000109,4.0,20.6,modelled
N20000110,3.6,20.3,modelled
N20000111,3.6,20.3,modelled
N20000112,6.9,22.3,modelled
N20000113,5.5,21.5,modelled
N20000114,3.8,20.5,modelled
N20000115,5.7,21.6,modelled
N20000116,7.5,22.6,modelled
N20000117,3.4,20.2,modelled
N20000118,3.3,20.2,modelled
N20000119,2.6,19.8,modelled
N20000120,2.6,19.8,modelled
N20000121,6.9,22.3,modelled
N20000122,4.3,20.8,modelled
N20000123,6.1,21.8,modelled
N20000124,10.1,24.2,modelled
N20000125,6.6,22.1,modelled
N20000126,16.6,28.0,modelled
N20000127,4.3,20.8,modelled
N20000128,14.8,27.0,modelled
N20000129,6.2,21.9,modelled
N20000130,7.8,22.8,modelled
N20000131,7.2,22.5,modelled
N20000132,23.4,32.0,modelled
N20000133,13.9,26.4,modelled
N20000134,23.9,32.3,modelled
N20000135,16.3,27.8,modelled
N20000136,9.1,23.6,modelled
N20000137,6.5,22.1,modelled
N20000138,4.8,21.1,modelled
N20000139,8.0,22.9,modelled
N20000140,31.0,36.5,modelled
N20000141,18.4,29.1,modelled
N20000143,21.3,30.8,modelled
N20000144,14.0,26.5,modelled
N20000145,6.2,21.9,modelled
N20000146,5.4,21.4,modelled
N20000149,20.6,30.4,modelled
N20000150,2.4,19.6,modelled
N20000151,12.2,25.4,modelled
N20000152,26.1,33.6,modelled
N20000153,2.4,19.6,modelled
N20000154,4.0,20.6,modelled
N20000156,14.3,26.7,modelled
N20000157,17.0,28.3,modelled
N20000158,18.8,29.3,modelled
N20000159,2.9,19.9,modelled
N20000160,26.9,34.1,modelled
N20000161,26.0,33.6,modelled
N20000162,19.6,29.8,modelled
N20000163,19.1,29.5,modelled
N20000164,29.3,35.5,modelled
N20000165,8.8,23.4,modelled
N20000166,23.6,32.2,modelled
N20000167,23.6,32.2,modelled
N20000168,6.2,21.9,modelled
N20000169,58.3,52.7,modelled
N20000170,7.9,22.9,modelled
N20000171,14.6,26.8,modelled
N20000172,41.2,42.6,modelled
N20000173,44.1,44.3,modelled
N20000174,2.1,19.5,modelled
N20000175,22.7,31.6,modelled
N20000176,9.5,23.8,modelled
N20000177,51.0,48.3,modelled
N20000178,53.5,49.8,modelled
N20000179,14.0,26.5,modelled
N20000180,2.3,19.6,modelled
N20000181,6.4,22.0,modelled
N20000182,3.9,20.5,modelled
N20000183,5.7,21.6,modelled
N20000184,3.7,20.4,modelled
N20000185,10.2,24.2,modelled
N20000186,30.0,35.9,modelled
N20000187,3.0,20.0,modelled
N20000188,21.6,31.0,modelled
N20000189,2.0,19.4,modelled
N20000190,6.9,22.3,modelled
N20000191,6.6,22.1,modelled
N20000193,4.3,20.8,modelled
N20000194,3.9,20.5,modelled
N20000196,6.1,21.8,modelled
N20000197,7.9,22.9,modelled
N20000198,5.8,21.6,modelled
N20000200,6.8,22.2,modelled
N20000201,40.3,42.0,modelled
N20000203,35.4,39.1,modelled
N20000204,33.2,37.8,modelled
N20000205,21.1,30.7,modelled
N20000206,22.7,31.6,modelled
N20000207,87.6,70.0,modelled
N20000208,79.0,64.9,modelled
N20000209,86.1,69.1,modelled
N20000210,85.5,68.7,modelled
N20000211,29.8,35.8,modelled
N20000212,5.8,21.6,modelled
N20000214,10.6,24.5,modelled
N20000215,26.8,34.0,modelled
N20000216,13.5,26.2,modelled
N20000217,17.6,28.6,modelled
N20000218,17.0,28.3,modelled
N20000219,45.6,45.2,modelled
N20000220,19.7,29.9,modelled
N20000221,16.9,28.2,modelled
N20000222,20.2,30.2,modelled
N20000223,27.4,34.4,modelled
N20000224,36.8,40.0,modelled
N20000225,12.2,25.4,modelled
N20000226,27.4,34.4,modelled
N20000227,32.9,37.7,modelled
N20000228,16.5,28.0,modelled
N20000229,12.7,25.7,modelled
N20000230,31.2,36.6,modelled
N20000231,44.6,44.6,modelled
N20000232,51.2,48.5,modelled
N20000233,53.9,50.1,modelled
N20000234,55.6,51.1,modelled
N20000235,44.6,44.6,modelled
N20000236,37.0,40.1,modelled
N20000237,31.1,36.6,modelled
N20000238,67.7,58.2,modelled
N20000239,42.5,43.3,modelled
N20000240,57.1,52.0,modelled
N20000241,28.9,35.3,modelled
N20000242,23.8,32.3,modelled
N20000243,72.5,61.1,modelled
N20000244,76.4,63.4,modelled
N20000245,88.9,70.7,modelled
N20000246,77.4,63.9,modelled
N20000247,67.9,58.3,modelled
N20000249,82.8,67.1,modelled
N20000250,85.0,68.4,modelled
N20000251,85.0,68.4,modelled
N20000252,82.3,66.8,modelled
N20000254,80.0,65.5,modelled
N20000255,83.6,67.6,modelled
N20000256,81.9,66.6,modelled
N20000257,16.7,28.1,modelled
N20000258,13.6,26.3,modelled
N20000259,12.2,25.4,modelled
N20000260,16.8,28.1,modelled
N20000261,9.0,23.5,modelled
N20000262,14.2,26.6,modelled
N20000263,18.0,28.9,modelled
N20000264,28.3,34.9,modelled
N20000265,35.6,39.2,modelled
N20000266,17.4,28.5,modelled
N20000267,61.0,54.3,modelled
N20000268,29.7,35.8,modelled
N20000270,68.4,58.6,modelled
N20000271,57.3,52.1,modelled
N20000272,65.9,57.2,modelled
N20000273,79.2,65.0,modelled
N20000274,11.0,24.7,modelled
N20000275,61.7,54.7,modelled
N20000276,68.3,58.6,modelled
N20000277,88.6,70.6,modelled
N20000278,17.0,28.3,modelled
N20000279,24.0,32.4,modelled
N20000280,15.4,27.3,modelled
N20000282,54.5,50.4,modelled
N20000283,75.4,62.8,modelled
N20000284,79.8,65.4,modelled
N20000285,34.5,38.6,modelled
N20000286,86.1,69.1,modelled
N20000287,89.1,70.9,modelled
N20000288,63.4,55.7,modelled
N20000289,74.4,62.2,modelled
N20000290,70.9,60.1,modelled
N20000291,67.9,58.3,modelled
N20000292,87.0,69.6,modelled
N20000293,59.8,53.5,modelled
N20000294,88.9,70.7,modelled
N20000295,62.5,55.1,modelled
N20000296,54.6,50.5,modelled
N20000297,87.6,70.0,modelled
N20000298,90.3,71.6,modelled
N20000299,68.5,58.7,modelled
N20000300,84.9,68.4,modelled
N20000301,76.3,63.3,modelled
N20000303,92.3,72.8,modelled
N20000304,60.7,54.1,modelled
N20000305,24.3,32.6,modelled
N20000306,51.9,48.9,modelled
N20000307,50.3,47.9,modelled
N20000308,50.3,47.9,modelled
N20000310,59.5,53.4,modelled
N20000311,62.4,55.1,modelled
N20000312,78.5,64.6,modelled
N20000313,71.1,60.2,modelled
N20000314,25.5,33.3,modelled
N20000315,43.9,44.2,modelled
N20000316,82.9,67.2,modelled
N20000317,86.7,69.4,modelled
N20000318,87.7,70.0,modelled
N20000319,71.1,60.2,modelled
N20000320,27.6,34.5,modelled
N20000321,92.7,73.0,modelled
N20000322,91.4,72.2,modelled
N20000323,75.7,62.9,modelled
N20000324,48.1,46.6,modelled
N20000325,47.9,46.5,modelled
N20000326,9.4,23.8,modelled
N20000328,52.2,49.1,modelled
N20000329,88.5,70.5,modelled
N20000330,84.2,68.0,modelled
N20000331,84.7,68.3,modelled
N20000332,58.6,52.8,modelled
N20000334,53.5,49.8,modelled
N20000335,83.7,67.7,modelled
N20000336,65.8,57.1,modelled
N20000337,67.4,58.0,modelled
N20000338,25.7,33.4,modelled
N20000339,65.2,56.7,modelled
N20000340,32.4,37.4,modelled
N20000341,71.7,60.6,modelled
N20000342,87.8,70.1,modelled
N20000343,54.3,50.3,modelled
N20000344,55.7,51.1,modelled
N20000346,65.5,56.9,modelled
N20000348,89.1,70.9,modelled
N20000350,91.4,72.2,modelled
N20000351,87.0,69.6,modelled
N20000352,83.9,67.8,modelled
N20000353,84.9,68.4,modelled
N20000354,78.6,64.7,modelled
N20000355,94.3,73.9,modelled
N20000356,53.2,49.6,modelled
N20000357,6.5,22.1,modelled
N20000358,36.9,40.0,modelled
N20000360,47.9,46.5,modelled
N20000361,63.2,55.6,modelled
N20000362,20.3,30.2,modelled
N20000364,33.6,38.1,modelled
N20000366,23.9,32.3,modelled
N20000367,40.9,42.4,modelled
N20000368,15.6,27.4,modelled
N20000371,90.1,71.5,modelled
N20000372,89.6,71.2,modelled
N20000373,92.7,73.0,modelled
N20000375,85.7,68.9,modelled
N20000377,30.5,36.2,modelled
N20000378,94.0,73.8,modelled
N20000379,79.6,65.2,modelled
N20000380,72.0,60.8,modelled
N20000381,84.2,68.0,modelled
N20000382,75.1,62.6,modelled
N20000383,29.0,35.3,modelled
N20000384,11.1,24.8,modelled
N20000385,12.9,25.8,modelled
N20000386,78.3,64.5,modelled
N20000387,11.8,25.2,modelled
N20000388,11.3,24.9,modelled
N20000389,17.1,28.3,modelled
N20000390,17.8,28.7,modelled
N20000392,9.3,23.7,modelled
N20000393,25.8,33.5,modelled
N20000395,42.4,43.3,modelled
N20000396,10.6,24.5,modelled
N20000397,3.9,20.5,modelled
N20000398,31.7,36.9,modelled
N20000400,42.5,43.3,modelled
N20000401,69.2,59.1,modelled
N20000402,16.8,28.1,modelled
N20000403,40.7,42.3,modelled
N20000404,17.7,28.7,modelled
N20000405,29.0,35.3,modelled
N20000407,14.5,26.8,modelled
N20000408,20.5,30.3,modelled
N20000409,5.7,21.6,modelled
N20000410,16.4,27.9,modelled
N20000411,37.1,40.1,modelled
N20000412,20.0,30.0,modelled
N20000413,23.6,32.2,modelled
N20000414,19.0,29.4,modelled
N20000415,19.2,29.6,modelled
N20000416,33.3,37.9,modelled
N20000417,8.5,23.2,modelled
N20000418,38.1,40.7,modelled
N20000419,23.4,32.0,modelled
N20000420,18.0,28.9,modelled
N20000422,77.6,64.1,modelled
N20000423,93.0,73.2,modelled
N20000424,82.4,66.9,modelled
N20000425,78.7,64.7,modelled
N20000426,95.8,74.8,modelled
N20000427,92.9,73.1,modelled
N20000428,91.7,72.4,modelled
N20000429,91.5,72.3,modelled
N20000430,22.6,31.6,modelled
N20000431,90.7,71.8,modelled
N20000432,92.4,72.8,modelled
N20000433,61.5,54.6,modelled
N20000434,54.8,50.6,modelled
N20000435,75.7,62.9,modelled
N20000436,60.3,53.8,modelled
N20000437,55.6,51.1,modelled
N20000438,51.7,48.8,modelled
N20000439,91.5,72.3,modelled
N20000440,20.5,30.3,modelled
N20000441,70.2,59.7,modelled
N20000442,76.5,63.4,modelled
N20000443,37.1,40.1,modelled
N20000444,53.6,49.9,modelled
N20000445,65.9,57.2,modelled
N20000446,33.6,38.1,modelled
N20000447,42.8,43.5,modelled
N20000448,84.5,68.1,modelled
N20000449,79.4,65.1,modelled
N20000450,8.6,23.3,modelled
N20000451,26.1,33.6,modelled
N20000452,82.6,67.0,modelled
N20000453,81.3,66.3,modelled
N20000454,80.1,65.5,modelled
N20000455,22.8,31.7,modelled
N20000456,14.2,26.6,modelled
N20000457,14.0,26.5,modelled
N20000458,41.4,42.7,modelled
N20000459,18.4,29.1,modelled
N20000460,18.8,29.3,modelled
N20000461,16.7,28.1,modelled
N20000462,8.8,23.4,modelled
N20000463,7.3,22.5,modelled
N20000464,14.0,26.5,modelled
N20000465,47.2,46.1,modelled
N20000466,8.2,23.1,modelled
N20000467,47.2,46.1,modelled
N20000468,17.2,28.4,modelled
N20000469,10.4,24.4,modelled
N20000470,8.7,23.4,modelled
N20000472,12.8,25.8,modelled
N20000473,30.7,36.4,modelled
N20000474,15.6,27.4,modelled
N20000475,9.4,23.8,modelled
N20000476,79.7,65.3,modelled
N20000477,89.4,71.0,modelled
N20000478,80.6,65.8,modelled
N20000481,91.9,72.5,modelled
N20000482,59.9,53.6,modelled
N20000483,93.8,73.6,modelled
N20000484,93.0,73.2,modelled
N20000488,54.8,50.6,modelled
N20000489,96.6,75.3,modelled
N20000490,94.9,74.3,modelled
N20000492,96.6,75.3,modelled
N20000493,95.0,74.3,modelled
N20000494,95.6,74.7,modelled
N20000495,94.9,74.3,modelled
N20000496,87.5,69.9,modelled
N20000498,68.3,58.6,modelled
N20000500,82.0,66.7,modelled
N20000501,24.0,32.4,modelled
N20000502,31.6,36.9,modelled
N20000503,94.4,74.0,modelled
N20000504,76.8,63.6,modelled
N20000505,86.9,69.6,modelled
N20000506,78.6,64.7,modelled
N20000507,29.8,35.8,modelled
N20000508,85.0,68.4,modelled
N20000509,82.1,66.7,modelled
N20000510,12.3,25.5,modelled
N20000512,73.1,61.4,modelled
N20000513,36.5,39.8,modelled
N20000514,22.6,31.6,modelled
N20000515,36.9,40.0,modelled
N20000516,86.6,69.4,modelled
N20000517,7.0,22.4,modelled
N20000518,6.0,21.8,modelled
N20000519,14.1,26.5,modelled
N20000520,7.0,22.4,modelled
N20000521,32.8,37.6,modelled
N20000522,92.2,72.7,modelled
N20000523,13.6,26.3,modelled
N20000524,75.7,62.9,modelled
N20000526,18.2,29.0,modelled
N20000527,31.0,36.5,modelled
N20000528,93.5,73.5,modelled
N20000529,18.8,29.3,modelled
N20000530,92.7,73.0,modelled
N20000531,8.5,23.2,modelled
N20000532,87.4,69.9,modelled
N20000533,12.3,25.5,modelled
N20000534,23.0,31.8,modelled
N20000535,80.2,65.6,modelled
N20000536,82.9,67.2,modelled
N20000537,8.0,22.9,modelled
N20000538,90.1,71.5,modelled
N20000539,14.3,26.7,modelled
N20000540,20.7,30.4,modelled
N20000542,13.8,26.4,modelled
N20000543,94.4,74.0,modelled
N20000544,9.6,23.9,modelled
N20000545,7.0,22.4,modelled
N20000546,18.3,29.0,modelled
N20000547,13.4,26.1,modelled
N20000548,12.2,25.4,modelled
N20000549,8.2,23.1,modelled
N20000550,18.6,29.2,modelled
N20000551,9.2,23.7,modelled
N20000552,8.7,23.4,modelled
N20000553,11.9,25.2,modelled
N20000554,11.4,25.0,modelled
N20000555,5.1,21.2,modelled
N20000556,12.7,25.7,modelled
N20000557,6.1,21.8,modelled
N20000558,9.9,24.1,modelled
N20000559,5.9,21.7,modelled
N20000560,19.4,29.7,modelled
N20000561,7.9,22.9,modelled
N20000562,8.6,23.3,modelled
N20000563,26.4,33.8,modelled
N20000564,9.2,23.7,modelled
N20000565,20.6,30.4,modelled
N20000566,14.3,26.7,modelled
N20000567,5.4,21.4,modelled
N20000568,16.5,28.0,modelled
N20000569,19.7,29.9,modelled
N20000570,24.6,32.7,modelled
N20000571,19.0,29.4,modelled
N20000572,5.9,21.7,modelled
N20000573,18.6,29.2,modelled
N20000574,15.5,27.4,modelled
N20000575,15.4,27.3,modelled
N20000577,12.1,25.4,modelled
N20000578,18.3,29.0,modelled
N20000579,10.9,24.7,modelled
N20000580,17.9,28.8,modelled
N20000581,6.7,22.2,modelled
N20000582,12.2,25.4,modelled
N20000583,13.3,26.1,modelled
N20000584,12.2,25.4,modelled
N20000585,18.2,29.0,modelled
N20000586,10.9,24.7,modelled
N20000587,11.0,24.7,modelled
N20000589,5.8,21.6,modelled
N20000590,26.7,34.0,modelled
N20000591,19.2,29.6,modelled
N20000592,41.4,42.7,modelled
N20000593,24.0,32.4,modelled
N20000594,24.8,32.9,modelled
N20000595,38.3,40.8,modelled
N20000597,60.8,54.1,modelled
N20000598,53.9,50.1,modelled
N20000599,22.8,31.7,modelled
N20000600,65.0,56.6,modelled
N20000601,39.2,41.4,modelled
N20000602,36.4,39.7,modelled
N20000603,18.5,29.1,modelled
N20000604,21.9,31.2,modelled
N20000605,64.3,56.2,modelled
N20000606,48.8,47.0,modelled
N20000608,29.2,35.5,modelled
N20000609,36.3,39.7,modelled
N20000610,29.1,35.4,modelled
N20000611,33.8,38.2,modelled
N20000612,36.7,39.9,modelled
N20000613,32.6,37.5,modelled
N20000614,24.2,32.5,modelled
N20000615,46.1,45.5,modelled
N20000616,38.4,40.9,modelled
N20000617,35.1,39.0,modelled
N20000618,39.6,41.6,modelled
N20000619,60.6,54.0,modelled
N20000620,39.1,41.3,modelled
N20000621,50.8,48.2,modelled
N20000622,50.5,48.1,modelled
N20000623,30.5,36.2,modelled
N20000624,45.2,44.9,modelled
N20000625,51.1,48.4,modelled
N20000627,41.0,42.4,modelled
N20000628,19.2,29.6,modelled
N20000629,23.9,32.3,modelled
N20000630,36.4,39.7,modelled
N20000631,37.5,40.4,modelled
N20000632,40.7,42.3,modelled
N20000633,22.9,31.7,modelled
N20000634,13.4,26.1,modelled
N20000635,36.9,40.0,modelled
N20000636,27.7,34.6,modelled
N20000637,25.8,33.5,modelled
N20000638,24.2,32.5,modelled
N20000639,27.8,34.6,modelled
N20000641,38.9,41.2,modelled
N20000642,52.0,48.9,modelled
N20000643,38.8,41.1,modelled
N20000645,45.3,45.0,modelled
N20000646,57.0,51.9,modelled
N20000647,54.7,50.5,modelled
N20000648,17.2,28.4,modelled
N20000649,35.7,39.3,modelled
N20000650,18.5,29.1,modelled
N20000651,64.6,56.4,modelled
N20000652,41.9,43.0,modelled
N20000653,33.7,38.1,modelled
N20000654,69.9,59.5,modelled
N20000655,6.1,21.8,modelled
N20000656,17.4,28.5,modelled
N20000657,22.9,31.7,modelled
N20000658,25.3,33.2,modelled
N20000659,49.2,47.3,modelled
N20000660,33.0,37.7,modelled
N20000661,43.5,43.9,modelled
N20000663,38.6,41.0,modelled
N20000664,5.9,21.7,modelled
N20000665,11.1,24.8,modelled
N20000666,4.5,20.9,modelled
N20000667,14.5,26.8,modelled
N20000668,10.6,24.5,modelled
N20000669,8.2,23.1,modelled
N20000670,7.8,22.8,modelled
N20000671,8.1,23.0,modelled
N20000672,9.2,23.7,modelled
N20000674,17.9,28.8,modelled
N20000675,4.3,20.8,modelled
N20000677,4.1,20.6,modelled
N20000678,8.6,23.3,modelled
N20000679,9.0,23.5,modelled
N20000680,9.9,24.1,modelled
N20000681,11.4,25.0,modelled
N20000682,13.1,26.0,modelled
N20000684,14.9,27.0,modelled
N20000685,16.0,27.7,modelled
N20000686,12.6,25.7,modelled
N20000687,9.2,23.7,modelled
N20000688,20.4,30.3,modelled
N20000689,12.1,25.4,modelled
N20000690,8.9,23.5,modelled
N20000691,6.8,22.2,modelled
N20000692,29.1,35.4,modelled
N20000693,12.4,25.5,modelled
N20000694,17.4,28.5,modelled
N20000695,12.4,25.5,modelled
N20000696,33.6,38.1,modelled
N20000697,10.9,24.7,modelled
N20000698,26.3,33.8,modelled
N20000699,34.0,38.3,modelled
N20000700,15.2,27.2,modelled
N20000701,76.3,63.3,modelled
N20000702,79.4,65.1,modelled
N20000703,10.3,24.3,modelled
N20000705,63.6,55.8,modelled
N20000706,92.5,72.9,modelled
N20000707,91.0,72.0,modelled
N20000708,32.0,37.1,modelled
N20000709,71.3,60.3,modelled
N20000710,79.0,64.9,modelled
N20000711,5.2,21.3,modelled
N20000712,78.7,64.7,modelled
N20000713,47.9,46.5,modelled
N20000714,7.8,22.8,modelled
N20000715,94.0,73.8,modelled
N20000716,12.3,25.5,modelled
N20000717,3.6,20.3,modelled
N20000718,7.8,22.8,modelled
N20000719,90.8,71.9,modelled
N20000720,4.8,21.1,modelled
N20000721,28.0,34.8,modelled
N20000722,16.3,27.8,modelled
N20000723,9.0,23.5,modelled
N20000725,84.6,68.2,modelled
N20000726,48.7,47.0,modelled
N20000727,9.3,23.7,modelled
N20000728,11.0,24.7,modelled
N20000729,8.1,23.0,modelled
N20000730,13.5,26.2,modelled
N20000731,70.8,60.0,modelled
N20000732,85.8,68.9,modelled
N20000733,73.6,61.7,modelled
N20000734,89.6,71.2,modelled
N20000735,91.2,72.1,modelled
N20000736,9.6,23.9,modelled
N20000737,12.3,25.5,modelled
N20000738,78.4,64.5,modelled
N20000739,9.4,23.8,modelled
N20000740,86.8,69.5,modelled
N20000741,87.5,69.9,modelled
N20000742,16.8,28.1,modelled
N20000743,76.2,63.2,modelled
N20000744,23.8,32.3,modelled
N20000745,75.5,62.8,modelled
N20000746,87.3,69.8,modelled
N20000747,81.4,66.3,modelled
N20000748,91.3,72.2,modelled
N20000749,80.4,65.7,modelled
N20000750,85.0,68.4,modelled
N20000751,90.9,71.9,modelled
N20000752,92.8,73.0,modelled
N20000753,93.1,73.2,modelled
N20000754,76.9,63.7,modelled
N20000755,92.2,72.7,modelled
N20000756,87.5,69.9,modelled
N20000757,71.6,60.5,modelled
N20000758,93.3,73.3,modelled
N20000759,62.8,55.3,modelled
N20000760,88.5,70.5,modelled
N20000761,92.2,72.7,modelled
N20000762,91.0,72.0,modelled
N20000763,64.7,56.4,modelled
N20000764,68.6,58.7,modelled
N20000765,88.3,70.4,modelled
N20000766,82.4,66.9,modelled
N20000767,80.0,65.5,modelled
N20000769,70.9,60.1,modelled
N20000770,72.8,61.2,modelled
N20000771,85.4,68.7,modelled
N20000772,68.5,58.7,modelled
N20000774,75.7,62.9,modelled
N20000775,78.6,64.7,modelled
N20000776,6.8,22.2,modelled
N20000779,85.7,68.9,modelled
N20000780,83.2,67.4,modelled
N20000781,93.0,73.2,modelled
N20000782,84.7,68.3,modelled
N20000783,85.9,69.0,modelled
N20000784,93.5,73.5,modelled
N20000785,92.4,72.8,modelled
N20000786,64.8,56.5,modelled
N20000787,88.0,70.2,modelled
N20000788,84.1,67.9,modelled
N20000789,71.0,60.2,modelled
N20000790,10.7,24.5,modelled
N20000791,57.2,52.0,modelled
N20000792,82.9,67.2,modelled
N20000793,78.2,64.4,modelled
N20000794,84.3,68.0,modelled
N20000795,25.0,33.0,modelled
N20000796,78.5,64.6,modelled
N20000797,56.7,51.7,modelled
N20000798,7.6,22.7,modelled
N20000799,82.1,66.7,modelled
N20000800,14.0,26.5,modelled
N20000801,10.0,24.1,modelled
N20000802,88.4,70.4,modelled
N20000804,64.8,56.5,modelled
N20000805,17.8,28.7,modelled
N20000806,7.0,22.4,modelled
N20000807,76.4,63.4,modelled
N20000808,83.5,67.6,modelled
N20000809,40.1,41.9,modelled
N20000810,81.1,66.1,modelled
N20000811,7.2,22.5,modelled
N20000812,87.8,70.1,modelled
N20000814,69.3,59.2,modelled
N20000815,86.3,69.2,modelled
N20000816,72.5,61.1,modelled
N20000817,60.3,53.8,modelled
N20000818,81.1,66.1,modelled
N20000819,46.8,45.9,modelled
N20000820,4.4,20.8,modelled
N20000821,29.7,35.8,modelled
N20000822,82.5,67.0,modelled
N20000823,34.6,38.7,modelled
N20000824,76.2,63.2,modelled
N20000825,51.3,48.5,modelled
N20000826,41.7,42.9,modelled
N20000827,77.1,63.8,modelled
N20000828,16.7,28.1,modelled
N20000829,11.5,25.0,modelled
N20000830,59.7,53.5,modelled
N20000831,86.3,69.2,modelled
N20000832,43.4,43.9,modelled
N20000833,76.2,63.2,modelled
N20000834,11.3,24.9,modelled
N20000835,13.0,25.9,modelled
N20000836,74.8,62.4,modelled
N20000837,7.0,22.4,modelled
N20000838,74.9,62.5,modelled
N20000840,80.2,65.6,modelled
N20000841,55.1,50.8,modelled
N20000842,26.5,33.9,modelled
N20000843,71.3,60.3,modelled
N20000844,5.9,21.7,modelled
N20000845,17.8,28.7,modelled
N20000846,86.1,69.1,modelled
N20000847,9.2,23.7,modelled
N20000848,64.3,56.2,modelled
N20000849,72.2,60.9,modelled
N20000850,13.0,25.9,modelled
N20000851,15.8,27.6,modelled
N20000852,10.2,24.2,modelled
N20000853,13.3,26.1,modelled
N20000854,34.3,38.5,modelled
N20000855,46.5,45.7,modelled
N20000856,4.7,21.0,modelled
N20000857,33.8,38.2,modelled
N20000858,7.8,22.8,modelled
N20000859,17.4,28.5,modelled
N20000860,4.5,20.9,modelled
N20000861,10.7,24.5,modelled
N20000862,14.1,26.5,modelled
N20000863,11.5,25.0,modelled
N20000864,16.0,27.7,modelled
N20000865,9.2,23.7,modelled
N20000866,14.6,26.8,modelled
N20000867,11.4,25.0,modelled
N20000868,12.2,25.4,modelled
N20000869,11.6,25.1,modelled
N20000870,7.1,22.4,modelled
N20000871,11.9,25.2,modelled
N20000872,23.1,31.9,modelled
N20000873,8.2,23.1,modelled
N20000874,5.4,21.4,modelled
N20000875,23.4,32.0,modelled
N20000876,16.1,27.7,modelled
N20000877,6.5,22.1,modelled
N20000878,33.3,37.9,modelled
N20000879,17.3,28.4,modelled
N20000881,15.2,27.2,modelled
N20000882,26.6,33.9,modelled
N20000883,14.3,26.7,modelled
N20000884,15.9,27.6,modelled
N20000885,22.2,31.3,modelled
N20000886,68.0,58.4,modelled
N20000887,94.4,74.0,modelled
N20000888,19.5,29.7,modelled
N20000890,21.1,30.7,modelled
N20000891,17.6,28.6,modelled
N20000892,7.1,22.4,modelled
N20000893,16.5,28.0,modelled
N20000894,60.7,54.1,modelled
N20000895,18.8,29.3,modelled
N20000896,86.1,69.1,modelled
N20000897,21.6,31.0,modelled
N20000898,21.4,30.9,modelled
N20000899,22.7,31.6,modelled
N20000900,6.0,21.8,modelled
N20000901,41.7,42.9,modelled
N20000902,26.8,34.0,modelled
N20000903,8.2,23.1,modelled
N20000904,56.7,51.7,modelled
N20000905,22.8,31.7,modelled
N20000906,14.1,26.5,modelled
N20000907,19.1,29.5,modelled
N20000908,18.7,29.3,modelled
N20000909,15.2,27.2,modelled
N20000910,10.8,24.6,modelled
N20000911,3.4,20.2,modelled
N20000912,27.1,34.2,modelled
N20000913,25.2,33.1,modelled
N20000914,18.1,28.9,modelled
N20000915,15.0,27.1,modelled
N20000916,25.7,33.4,modelled
N20000917,19.7,29.9,modelled
N20000918,16.4,27.9,modelled
N20000919,9.2,23.7,modelled
N20000920,17.1,28.3,modelled
N20000921,7.4,22.6,modelled
N20000922,12.1,25.4,modelled
N20000923,12.4,25.5,modelled
N20000924,21.4,30.9,modelled
N20000925,24.1,32.5,modelled
N20000926,26.9,34.1,modelled
N20000927,12.3,25.5,modelled
N20000928,18.9,29.4,modelled
N20000929,17.3,28.4,modelled
N20000930,14.7,26.9,modelled
N20000931,21.0,30.6,modelled
N20000932,21.9,31.2,modelled
N20000933,22.1,31.3,modelled
N20000934,33.9,38.2,modelled
N20000935,6.3,21.9,modelled
N20000936,10.8,24.6,modelled
N20000937,21.5,30.9,modelled
N20000938,23.3,32.0,modelled
N20000939,32.9,37.7,modelled
N20000940,19.5,29.7,modelled
N20000941,23.3,32.0,modelled
N20000942,38.7,41.1,modelled
N20000943,27.3,34.3,modelled
N20000944,51.4,48.6,modelled
N20000945,14.5,26.8,modelled
N20000946,15.3,27.3,modelled
N20000947,7.7,22.8,modelled
N20000948,7.9,22.9,modelled
N20000949,4.7,21.0,modelled
N20000950,17.2,28.4,modelled
N20000952,13.5,26.2,modelled
N20000953,10.6,24.5,modelled
N20000954,10.2,24.2,modelled
N20000955,11.8,25.2,modelled
N20000956,10.3,24.3,modelled
N20000957,11.2,24.8,modelled
N20000958,10.6,24.5,modelled
N20000960,9.0,23.5,modelled
N20000961,11.1,24.8,modelled
N20000962,5.3,21.3,modelled
N20000963,19.2,29.6,modelled
N20000964,7.2,22.5,modelled
N20000965,13.5,26.2,modelled
N20000966,18.6,29.2,modelled
N20000967,16.3,27.8,modelled
N20000968,17.1,28.3,modelled
N20000969,13.6,26.3,modelled
N20000970,17.7,28.7,modelled
N20000971,15.0,27.1,modelled
N20000972,32.6,37.5,modelled
N20000973,18.5,29.1,modelled
N20000974,16.6,28.0,modelled
N20000975,21.2,30.7,modelled
N20000976,28.4,35.0,modelled
N20000977,14.7,26.9,modelled
N20000978,24.1,32.5,modelled
N20000979,15.8,27.6,modelled
N20000981,14.7,26.9,modelled
N20000982,17.7,28.7,modelled
N20000983,17.5,28.6,modelled
N20000984,24.3,32.6,modelled
N20000985,21.0,30.6,modelled
N20000986,9.7,23.9,modelled
N20000987,7.5,22.6,modelled
N20000988,12.9,25.8,modelled
N20000989,2.3,19.6,modelled
N20000990,6.9,22.3,modelled
N20000991,9.2,23.7,modelled
N20000992,12.0,25.3,modelled
N20000993,11.0,24.7,modelled
N20000994,3.9,20.5,modelled
N20000995,22.4,31.4,modelled
N20000996,4.4,20.8,modelled
N20000997,18.3,29.0,modelled
N20000998,15.1,27.1,modelled
N20001000,5.6,21.5,modelled
N20001001,15.7,27.5,modelled
N20001002,8.2,23.1,modelled
N20001003,6.8,22.2,modelled
N20001004,1.4,19.0,modelled
N20001005,16.7,28.1,modelled
N20001006,10.9,24.7,modelled
N20001007,10.9,24.7,modelled
N20001008,7.8,22.8,modelled
N20001009,8.2,23.1,modelled
N20001010,23.5,32.1,modelled
N20001013,7.4,22.6,modelled
N20001014,5.4,21.4,modelled
N20001015,11.1,24.8,modelled
N20001016,9.9,24.1,modelled
N20001017,17.4,28.5,modelled
N20001018,7.8,22.8,modelled
N20001019,21.4,30.9,modelled
N20001020,11.2,24.8,modelled
N20001021,35.4,39.1,modelled
N20001022,9.0,23.5,modelled
N20001023,17.4,28.5,modelled
N20001024,59.4,53.3,modelled
N20001025,15.7,27.5,modelled
N20001026,25.0,33.0,modelled
N20001027,39.5,41.6,modelled
N20001028,16.7,28.1,modelled
N20001029,34.9,38.8,modelled
N20001030,42.2,43.1,modelled
N20001031,11.9,25.2,modelled
N20001032,28.9,35.3,modelled
N20001033,10.0,24.1,modelled
N20001034,9.3,23.7,modelled
N20001035,60.0,53.7,modelled
N20001036,23.8,32.3,modelled
N20001037,35.8,39.4,modelled
N20001038,15.9,27.6,modelled
N20001039,10.7,24.5,modelled
N20001040,4.4,20.8,modelled
N20001041,11.1,24.8,modelled
N20001042,57.1,52.0,modelled
N20001043,9.2,23.7,modelled
N20001044,10.6,24.5,modelled
N20001045,10.5,24.4,modelled
N20001046,11.7,25.1,modelled
N20001048,9.2,23.7,modelled
N20001049,17.1,28.3,modelled
N20001050,13.5,26.2,modelled
N20001051,8.0,22.9,modelled
N20001052,19.6,29.8,modelled
N20001053,27.8,34.6,modelled
N20001054,12.4,25.5,modelled
N20001056,10.9,24.7,modelled
N20001057,58.3,52.7,modelled
N20001058,4.6,20.9,modelled
N20001059,40.7,42.3,modelled
N20001060,15.4,27.3,modelled
N20001061,62.3,55.0,modelled
N20001062,70.3,59.8,modelled
N20001063,50.7,48.2,modelled
N20001064,50.2,47.9,modelled
N20001065,9.5,23.8,modelled
N20001066,47.6,46.3,modelled
N20001067,13.8,26.4,modelled
N20001069,65.3,56.8,modelled
N20001070,61.6,54.6,modelled
N20001071,68.9,58.9,modelled
N20001072,65.5,56.9,modelled
N20001073,76.8,63.6,modelled
N20001074,38.9,41.2,modelled
N20001075,65.9,57.2,modelled
N20001076,70.7,60.0,modelled
N20001077,48.6,46.9,modelled
N20001078,45.5,45.1,modelled
N20001079,55.6,51.1,modelled
N20001080,30.2,36.1,modelled
N20001081,57.5,52.2,modelled
N20001082,88.4,70.4,modelled
N20001083,91.0,72.0,modelled
N20001084,18.3,29.0,modelled
N20001085,29.2,35.5,modelled
N20001086,76.2,63.2,modelled
N20001087,24.2,32.5,modelled
N20001088,24.7,32.8,modelled
N20001089,5.3,21.3,modelled
N20001090,23.1,31.9,modelled
N20001091,14.1,26.5,modelled
N20001092,7.5,22.6,modelled
N20001093,4.9,21.1,modelled
N20001094,84.2,68.0,modelled
N20001095,13.1,26.0,modelled
N20001096,15.9,27.6,modelled
N20001097,11.9,25.2,modelled
N20001098,17.2,28.4,modelled
N20001099,33.7,38.1,modelled
N20001100,14.3,26.7,modelled
N20001101,40.3,42.0,modelled
N20001102,28.1,34.8,modelled
N20001103,44.9,44.7,modelled
N20001104,15.1,27.1,modelled
N20001105,55.7,51.1,modelled
N20001106,21.5,30.9,modelled
N20001108,27.9,34.7,modelled
N20001109,77.8,64.2,modelled
N20001110,48.3,46.8,modelled
N20001111,9.5,23.8,modelled
N20001112,45.2,44.9,modelled
N20001113,63.2,55.6,modelled
N20001114,66.8,57.7,modelled
N20001115,40.6,42.2,modelled
N20001116,11.1,24.8,modelled
N20001117,13.9,26.4,modelled
N20001118,72.3,60.9,modelled
N20001119,56.4,51.5,modelled
N20001120,64.4,56.3,modelled
N20001121,63.6,55.8,modelled
N20001122,44.0,44.2,modelled
N20001123,39.4,41.5,modelled
N20001124,45.3,45.0,modelled
N20001125,34.3,38.5,modelled
N20001126,32.5,37.4,modelled
N20001127,69.4,59.2,modelled
N20001128,23.7,32.2,modelled
N20001129,22.8,31.7,modelled
N20001130,81.4,66.3,modelled
N20001131,67.0,57.8,modelled
N20001132,43.7,44.0,modelled
N20001133,38.7,41.1,modelled
N20001134,59.9,53.6,modelled
N20001135,50.4,48.0,modelled
N20001136,45.7,45.2,modelled
N20001137,49.2,47.3,modelled
N20001138,53.0,49.5,modelled
N20001139,42.8,43.5,modelled
N20001140,39.1,41.3,modelled
N20001141,60.3,53.8,modelled
N20001142,42.2,43.1,modelled
N20001143,46.6,45.7,modelled
N20001144,47.6,46.3,modelled
N20001145,54.9,50.7,modelled
N20001147,21.5,30.9,modelled
N20001148,38.1,40.7,modelled
N20001149,38.4,40.9,modelled
N20001150,46.7,45.8,modelled
N20001151,47.5,46.3,modelled
N20001152,46.1,45.5,modelled
N20001153,46.2,45.5,modelled
N20001154,49.3,47.3,modelled
N20001155,53.7,49.9,modelled
N20001156,44.1,44.3,modelled
N20001157,48.6,46.9,modelled
N20001158,65.8,57.1,modelled
N20001159,57.1,52.0,modelled
N20001160,61.8,54.7,modelled
N20001161,54.4,50.4,modelled
N20001162,44.4,44.4,modelled
N20001163,51.6,48.7,modelled
N20001164,63.9,56.0,modelled
N20001165,59.7,53.5,modelled
N20001166,68.7,58.8,modelled
N20001167,54.8,50.6,modelled
N20001168,50.3,47.9,modelled
N20001169,56.1,51.4,modelled
N20001170,53.0,49.5,modelled
N20001171,47.2,46.1,modelled
N20001172,40.1,41.9,modelled
N20001173,47.7,46.4,modelled
N20001174,52.9,49.5,modelled
N20001175,46.7,45.8,modelled
N20001176,58.7,52.9,modelled
N20001177,57.2,52.0,modelled
N20001178,48.2,46.7,modelled
N20001179,60.0,53.7,modelled
N20001180,61.3,54.4,modelled
N20001181,56.9,51.8,modelled
N20001182,59.6,53.4,modelled
N20001183,64.5,56.3,modelled
N20001184,74.5,62.2,modelled
N20001185,55.7,51.1,modelled
N20001186,69.6,59.3,modelled
N20001187,57.2,52.0,modelled
N20001188,68.8,58.9,modelled
N20001189,71.0,60.2,modelled
N20001190,91.1,72.0,modelled
N20001191,69.8,59.5,modelled
N20001192,92.4,72.8,modelled
N20001193,74.1,62.0,modelled
N20001194,46.2,45.5,modelled
N20001195,74.5,62.2,modelled
N20001196,60.4,53.9,modelled
N20001197,92.6,72.9,modelled
N20001198,65.1,56.7,modelled
N20001199,57.5,52.2,modelled
N20001200,50.3,47.9,modelled
N20001201,37.8,40.5,modelled
N20001202,69.2,59.1,modelled
N20001203,19.1,29.5,modelled
N20001204,87.2,69.7,modelled
N20001205,30.2,36.1,modelled
N20001206,13.6,26.3,modelled
N20001207,5.1,21.2,modelled
N20001208,3.8,20.5,modelled
N20001209,43.2,43.7,modelled
N20001210,15.9,27.6,modelled
N20001211,14.1,26.5,modelled
N20001212,93.0,73.2,modelled
N20001213,22.8,31.7,modelled
N20001214,36.6,39.8,modelled
N20001215,13.1,26.0,modelled
N20001216,34.5,38.6,modelled
N20001217,31.2,36.6,modelled
N20001218,52.7,49.4,modelled
N20001219,35.5,39.2,modelled
N20001220,19.2,29.6,modelled
N20001221,44.1,44.3,modelled
N20001222,11.7,25.1,modelled
N20001223,13.9,26.4,modelled
N20001224,7.8,22.8,modelled
N20001225,9.5,23.8,modelled
N20001226,44.4,44.4,modelled
N20001227,9.8,24.0,modelled
N20001228,8.7,23.4,modelled
N20001229,9.6,23.9,modelled
N20001230,65.5,56.9,modelled
N20001231,48.0,46.6,modelled
N20001232,22.4,31.4,modelled
N20001233,51.1,48.4,modelled
N20001234,27.1,34.2,modelled
N20001235,90.6,71.7,modelled
N20001239,92.4,72.8,modelled
N20001240,89.0,70.8,modelled
N20001241,97.0,75.5,modelled
N20001242,91.3,72.2,modelled
N20001246,97.1,75.6,modelled
N20001247,88.5,70.5,modelled
N20001248,91.2,72.1,modelled
N20001249,22.4,31.4,modelled
N20001250,95.2,74.5,modelled
N20001251,94.7,74.2,modelled
N20001252,93.6,73.5,modelled
N20001253,94.2,73.9,modelled
N20001254,77.5,64.0,modelled
N20001255,91.8,72.5,modelled
N20001256,93.5,73.5,modelled
N20001257,96.3,75.1,modelled
N20001258,98.1,76.2,modelled
N20001259,96.4,75.2,modelled
N20001260,91.8,72.5,modelled
N20001261,93.4,73.4,modelled
N20001262,91.9,72.5,modelled
N20001263,93.8,73.6,modelled
N20001264,94.1,73.8,modelled
N20001265,95.1,74.4,modelled
N20001266,93.1,73.2,modelled
N20001267,87.3,69.8,modelled
N20001268,92.9,73.1,modelled
N20001269,90.0,71.4,modelled
N20001270,91.9,72.5,modelled
N20001271,82.8,67.1,modelled
N20001272,93.2,73.3,modelled
N20001273,93.5,73.5,modelled
N20001274,80.1,65.5,modelled
N20001275,65.7,57.0,modelled
N20001276,91.1,72.0,modelled
N20001277,93.2,73.3,modelled
N20001278,90.4,71.6,modelled
N20001279,92.3,72.8,modelled
N20001280,74.1,62.0,modelled
N20001281,78.9,64.8,modelled
N20001282,94.8,74.2,modelled
N20001283,90.8,71.9,modelled
N20001285,65.6,57.0,modelled
N20001286,89.5,71.1,modelled
N20001287,93.5,73.5,modelled
N20001288,95.9,74.9,modelled
N20001289,53.5,49.8,modelled
N20001290,97.0,75.5,modelled
N20001291,94.0,73.8,modelled
N20001292,28.0,34.8,modelled
N20001294,24.7,32.8,modelled
N20001296,30.2,36.1,modelled
N20001297,91.7,72.4,modelled
N20001298,94.1,73.8,modelled
N20001300,90.4,71.6,modelled
N20001301,95.6,74.7,modelled
N20001303,86.1,69.1,modelled
N20001304,88.8,70.7,modelled
N20001305,95.8,74.8,modelled
N20001306,94.1,73.8,modelled
N20001307,73.3,61.5,modelled
N20001308,93.7,73.6,modelled
N20001309,93.6,73.5,modelled
N20001310,92.8,73.0,modelled
N20001311,85.6,68.8,modelled
N20001312,83.1,67.3,modelled
N20001313,94.2,73.9,modelled
N20001314,95.8,74.8,modelled
N20001315,81.5,66.4,modelled
N20001316,91.1,72.0,modelled
N20001318,92.5,72.9,modelled
N20001319,89.3,71.0,modelled
N20001320,93.6,73.5,modelled
N20001321,89.0,70.8,modelled
N20001322,88.8,70.7,modelled
N20001323,95.4,74.6,modelled
N20001324,87.2,69.7,modelled
N20001325,96.4,75.2,modelled
N20001326,96.8,75.4,modelled
N20001327,95.3,74.5,modelled
N20001328,88.3,70.4,modelled
N20001329,93.2,73.3,modelled
N20001330,90.9,71.9,modelled
N20001333,91.8,72.5,modelled
N20001334,95.0,74.3,modelled
N20001335,92.8,73.0,modelled
N20001336,89.5,71.1,modelled
N20001338,87.3,69.8,modelled
N20001339,95.6,74.7,modelled
N20001340,93.3,73.3,modelled
N20001342,94.7,74.2,modelled
N20001343,94.8,74.2,modelled
N20001345,92.3,72.8,modelled
N20001346,91.3,72.2,modelled
N20001347,91.2,72.1,modelled
N20001348,91.8,72.5,modelled
N20001351,93.3,73.3,modelled
N20001352,94.0,73.8,modelled
N20001354,92.1,72.6,modelled
N20001356,96.3,75.1,modelled
N20001358,92.2,72.7,modelled
N20001359,95.3,74.5,modelled
N20001360,94.9,74.3,modelled
N20001361,96.4,75.2,modelled
N20001362,95.0,74.3,modelled
N20001363,95.6,74.7,modelled
N20001365,86.4,69.3,modelled
N20001366,96.0,74.9,modelled
N20001368,91.8,72.5,modelled
N20001370,4.3,20.8,modelled
N20001371,31.8,37.0,modelled
N20001373,43.0,43.6,modelled
N20001375,2.0,19.4,modelled
N20001376,8.1,23.0,modelled
N20001377,14.9,27.0,modelled
N20001378,12.1,25.4,modelled
N20001379,6.3,21.9,modelled
N20001380,4.8,21.1,modelled
N20001381,3.7,20.4,modelled
N20001382,5.3,21.3,modelled
N20001383,9.0,23.5,modelled
N20001384,5.2,21.3,modelled
N20001385,14.6,26.8,modelled
N20001386,6.3,21.9,modelled
N20001388,4.4,20.8,modelled
N20001389,5.6,21.5,modelled
N20001391,3.1,20.0,modelled
N20001392,4.8,21.1,modelled
N20001393,2.3,19.6,modelled
N20001394,10.5,24.4,modelled
N20001395,7.0,22.4,modelled
N20001396,11.1,24.8,modelled
N20001397,8.9,23.5,modelled
N20001398,6.1,21.8,modelled
N20001399,3.2,20.1,modelled
N20001400,11.4,25.0,modelled
N20001401,11.1,24.8,modelled
N20001402,15.0,27.1,modelled
N20001404,7.5,22.6,modelled
N20001405,3.1,20.0,modelled
N20001406,5.0,21.2,modelled
N20001407,8.5,23.2,modelled
N20001408,5.3,21.3,modelled
N20001409,1.1,18.9,modelled
N20001410,2.0,19.4,modelled
N20001411,6.7,22.2,modelled
N20001412,6.0,21.8,modelled
N20001413,22.5,31.5,modelled
N20001415,4.1,20.6,modelled
N20001416,4.8,21.1,modelled
N20001418,45.5,45.1,modelled
N20001420,85.4,68.7,modelled
N20001421,70.9,60.1,modelled
N20001422,65.2,56.7,modelled
N20001423,86.6,69.4,modelled
N20001424,9.3,23.7,modelled
N20001425,78.9,64.8,modelled
N20001426,91.6,72.3,modelled
N20001427,90.9,71.9,modelled
N20001428,83.5,67.6,modelled
N20001429,93.5,73.5,modelled
N20001430,80.2,65.6,modelled
N20001431,90.5,71.7,modelled
N20001434,92.0,72.6,modelled
N20001435,80.1,65.5,modelled
N20001437,90.2,71.5,modelled
N20001438,95.2,74.5,modelled
N20001439,82.4,66.9,modelled
N20001441,80.7,65.9,modelled
N20001442,94.9,74.3,modelled
N20001443,88.8,70.7,modelled
N20001444,95.0,74.3,modelled
N20001445,81.5,66.4,modelled
N20001446,30.5,36.2,modelled
N20001447,57.4,52.1,modelled
N20001449,55.1,50.8,modelled
N20001450,58.3,52.7,modelled
N20001451,57.8,52.4,modelled
N20001452,57.7,52.3,modelled
N20001453,68.1,58.5,modelled
N20001456,91.6,72.3,modelled
N20001457,19.0,29.4,modelled
N20001458,63.5,55.7,modelled
N20001460,77.3,63.9,modelled
N20001461,39.2,41.4,modelled
N20001462,85.2,68.6,modelled
N20001465,73.0,61.3,modelled
N20001466,62.7,55.3,modelled
N20001467,8.7,23.4,modelled
N20001470,89.3,71.0,modelled
N20001472,95.1,74.4,modelled
N20001473,93.3,73.3,modelled
N20001474,88.7,70.6,modelled
N20001477,79.3,65.1,modelled
N20001478,83.8,67.7,modelled
N20001480,78.6,64.7,modelled
N20001481,67.7,58.2,modelled
N20001482,52.4,49.2,modelled
N20001484,24.6,32.7,modelled
N20001485,28.9,35.3,modelled
N20001486,45.3,45.0,modelled
N20001487,23.9,32.3,modelled
N20001488,34.6,38.7,modelled
N20001489,33.6,38.1,modelled
N20001490,43.0,43.6,modelled
N20001491,44.3,44.4,modelled
N20001492,50.0,47.8,modelled
N20001494,49.3,47.3,modelled
N20001495,34.2,38.4,modelled
N20001496,70.5,59.9,modelled
N20001497,43.0,43.6,modelled
N20001498,52.9,49.5,modelled
N20001499,36.6,39.8,modelled
N20001501,45.5,45.1,modelled
N20001502,30.0,35.9,modelled
N20001503,43.7,44.0,modelled
N20001504,49.5,47.5,modelled
N20001505,42.6,43.4,modelled
N20001506,37.7,40.5,modelled
N20001508,45.2,44.9,modelled
N20001510,51.5,48.6,modelled
N20001512,88.9,70.7,modelled
N20001513,54.1,50.2,modelled
N20001514,14.4,26.7,modelled
N20001515,17.7,28.7,modelled
N20001516,12.4,25.5,modelled
N20001517,29.0,35.3,modelled
N20001518,19.1,29.5,modelled
N20001519,14.4,26.7,modelled
N20001521,21.3,30.8,modelled
N20001522,9.2,23.7,modelled
N20001523,4.5,20.9,modelled
N20001524,17.9,28.8,modelled
N20001525,17.3,28.4,modelled
N20001526,15.6,27.4,modelled
N20001527,10.8,24.6,modelled
N20001528,7.9,22.9,modelled
N20001529,6.2,21.9,modelled
N20001530,31.7,36.9,modelled
N20001532,77.7,64.1,modelled
N20001533,8.4,23.2,modelled
N20001534,41.4,42.7,modelled
N20001535,14.0,26.5,modelled
N20001536,13.2,26.0,modelled
N20001537,25.3,33.2,modelled
N20001538,80.0,65.5,modelled
N20001539,51.9,48.9,modelled
N20001540,81.9,66.6,modelled
N20001541,77.2,63.8,modelled
N20001542,57.1,52.0,modelled
N20001543,64.6,56.4,modelled
N20001545,77.5,64.0,modelled
N20001546,90.8,71.9,modelled
N20001547,11.1,24.8,modelled
N20001548,32.5,37.4,modelled
N20001549,12.7,25.7,modelled
N20001550,11.9,25.2,modelled
N20001551,19.5,29.7,modelled
N20001552,20.9,30.6,modelled
N20001553,15.7,27.5,modelled
N20001554,15.5,27.4,modelled
N20001555,25.1,33.0,modelled
N20001556,14.8,27.0,modelled
N20001557,22.2,31.3,modelled
N20001558,24.6,32.7,modelled
N20001560,28.0,34.8,modelled
N20001561,21.2,30.7,modelled
N20001562,24.0,32.4,modelled
N20001563,19.6,29.8,modelled
N20001565,20.5,30.3,modelled
N20001566,25.0,33.0,modelled
N20001567,25.3,33.2,modelled
N20001568,44.6,44.6,modelled
N20001569,20.7,30.4,modelled
N20001570,35.0,38.9,modelled
N20001571,33.9,38.2,modelled
N20001572,26.3,33.8,modelled
N20001573,42.3,43.2,modelled
N20001574,51.0,48.3,modelled
N20001575,49.8,47.6,modelled
N20001576,39.7,41.7,modelled
N20001577,33.5,38.0,modelled
N20001578,26.2,33.7,modelled
N20001579,46.7,45.8,modelled
N20001580,29.9,35.9,modelled
N20001581,39.4,41.5,modelled
N20001582,20.7,30.4,modelled
N20001584,23.2,31.9,modelled
N20001585,23.5,32.1,modelled
N20001586,27.2,34.3,modelled
N20001587,22.7,31.6,modelled
N20001588,26.7,34.0,modelled
N20001590,21.4,30.9,modelled
N20001591,20.9,30.6,modelled
N20001593,16.9,28.2,modelled
N20001594,19.2,29.6,modelled
N20001595,2.8,19.9,modelled
N20001596,16.5,28.0,modelled
N20001597,4.9,21.1,modelled
N20001599,32.3,37.3,modelled
N20001600,3.2,20.1,modelled
N20001601,1.9,19.3,modelled
N20001602,4.7,21.0,modelled
N20001603,30.8,36.4,modelled
N20001604,24.0,32.4,modelled
N20001605,2.5,19.7,modelled
N20001606,3.8,20.5,modelled
N20001607,26.9,34.1,modelled
N20001609,25.2,33.1,modelled
N20001610,21.1,30.7,modelled
N20001611,21.4,30.9,modelled
N20001612,26.8,34.0,modelled
N20001613,19.8,29.9,modelled
N20001614,20.4,30.3,modelled
N20001615,27.3,34.3,modelled
N20001616,35.2,39.0,modelled
N20001617,3.8,20.5,modelled
N20001619,3.8,20.5,modelled
N20001620,32.0,37.1,modelled
N20001621,36.3,39.7,modelled
N20001622,30.1,36.0,modelled
N20001623,30.6,36.3,modelled
N20001624,30.7,36.4,modelled
N20001625,31.4,36.8,modelled
N20001626,32.7,37.5,modelled
N20001627,7.7,22.8,modelled
N20001629,27.1,34.2,modelled
N20001630,38.9,41.2,modelled
N20001632,35.3,39.1,modelled
N20001633,39.3,41.4,modelled
N20001634,17.3,28.4,modelled
N20001635,38.9,41.2,modelled
N20001637,36.8,40.0,modelled
N20001638,36.9,40.0,modelled
N20001639,3.3,20.2,modelled
N20001640,10.0,24.1,modelled
N20001641,6.1,21.8,modelled
N20001642,2.6,19.8,modelled
N20001643,8.2,23.1,modelled
N20001644,4.8,21.1,modelled
N20001645,12.0,25.3,modelled
N20001647,8.5,23.2,modelled
N20001648,11.5,25.0,modelled
N20001649,10.2,24.2,modelled
N20001650,7.6,22.7,modelled
N20001651,63.2,55.6,modelled
N20001652,51.6,48.7,modelled
N20001655,76.8,63.6,modelled
N20001656,80.6,65.8,modelled
N20001657,69.2,59.1,modelled
N20001658,18.3,29.0,modelled
N20001659,61.5,54.6,modelled
N20001660,78.6,64.7,modelled
N20001661,78.4,64.5,modelled
N20001662,68.4,58.6,modelled
N20001663,77.8,64.2,modelled
N20001664,65.6,57.0,modelled
N20001665,88.1,70.3,modelled
N20001666,25.6,33.3,modelled
N20001667,89.0,70.8,modelled
N20001669,7.5,22.6,modelled
N20001671,35.5,39.2,modelled
N20001672,4.7,21.0,modelled
N20001674,15.3,27.3,modelled
N20001675,94.1,73.8,modelled
N20001676,65.2,56.7,modelled
N20001677,92.4,72.8,modelled
N20001680,92.8,73.0,modelled
N20001681,93.3,73.3,modelled
N20001682,93.8,73.6,modelled
N20001684,92.0,72.6,modelled
N20001686,12.9,25.8,modelled
N20001687,17.9,28.8,modelled
N20001688,12.6,25.7,modelled
N20001689,18.1,28.9,modelled
N20001690,13.1,26.0,modelled
N20001691,14.8,27.0,modelled
N20001692,16.4,27.9,modelled
N20001693,6.4,22.0,modelled
N20001696,11.0,24.7,modelled
N20001697,19.2,29.6,modelled
N20001698,19.5,29.7,modelled
N20001699,12.7,25.7,modelled
N20001700,19.4,29.7,modelled
N20001702,23.8,32.3,modelled
N20001703,55.2,50.8,modelled
N20001704,7.5,22.6,modelled
N20001706,12.4,25.5,modelled
N20001707,6.8,22.2,modelled
N20001708,14.3,26.7,modelled
N20001710,17.2,28.4,modelled
N20001711,16.4,27.9,modelled
N20001712,9.4,23.8,modelled
N20001713,10.8,24.6,modelled
N20001714,13.3,26.1,modelled
N20001715,50.8,48.2,modelled
N20001716,41.0,42.4,modelled
N20001718,93.4,73.4,modelled
N20001719,94.9,74.3,modelled
N20001720,18.9,29.4,modelled
N20001721,36.8,40.0,modelled
N20001723,30.6,36.3,modelled
N20001725,69.0,59.0,modelled
N20001727,57.7,52.3,modelled
N20001728,85.7,68.9,modelled
N20001729,74.9,62.5,modelled
N20001731,56.4,51.5,modelled
N20001732,93.4,73.4,modelled
N20001733,96.1,75.0,modelled
N20001734,93.3,73.3,modelled
N20001735,87.1,69.7,modelled
N20001736,94.4,74.0,modelled
N20001737,91.7,72.4,modelled
N20001738,92.5,72.9,modelled
N20001739,94.0,73.8,modelled
N20001740,91.2,72.1,modelled
N20001741,88.5,70.5,modelled
N20001743,72.8,61.2,modelled
N20001745,92.8,73.0,modelled
N20001747,93.4,73.4,modelled
N20001748,94.1,73.8,modelled
N20001750,87.0,69.6,modelled
N20001753,96.2,75.1,modelled
N20001756,78.0,64.3,modelled
N20001757,93.7,73.6,modelled
N20001758,94.9,74.3,modelled
N20001761,90.4,71.6,modelled
N20001762,96.4,75.2,modelled
N20001764,90.5,71.7,modelled
N20001765,93.9,73.7,modelled
N20001767,76.4,63.4,modelled
N20001769,94.3,73.9,modelled
N20001771,88.4,70.4,modelled
N20001772,91.9,72.5,modelled
N20001774,95.7,74.8,modelled
N20001775,91.2,72.1,modelled
N20001777,91.9,72.5,modelled
N20001779,93.9,73.7,modelled
N20001780,95.8,74.8,modelled
N20001781,91.1,72.0,modelled
N20001782,96.0,74.9,modelled
N20001784,87.7,70.0,modelled
N20001786,93.3,73.3,modelled
N20001788,96.8,75.4,modelled
N20001789,79.0,64.9,modelled
N20001790,68.9,58.9,modelled
N20001791,88.1,70.3,modelled
N20001793,75.5,62.8,modelled
N20001794,72.4,61.0,modelled
N20001795,82.6,67.0,modelled
N20001796,94.0,73.8,modelled
N20001797,71.8,60.6,modelled
N20001799,92.0,72.6,modelled
N20001800,82.0,66.7,modelled
N20001801,83.8,67.7,modelled
N20001802,83.4,67.5,modelled
N20001803,88.3,70.4,modelled
N20001804,91.8,72.5,modelled
N20001805,90.6,71.7,modelled
N20001806,92.4,72.8,modelled
N20001807,89.4,71.0,modelled
N20001809,91.0,72.0,modelled
N20001810,95.2,74.5,modelled
N20001811,92.7,73.0,modelled
N20001812,84.8,68.3,modelled
N20001813,91.0,72.0,modelled
N20001815,93.9,73.7,modelled
N20001817,92.2,72.7,modelled
N20001819,94.9,74.3,modelled
N20001820,93.9,73.7,modelled
N20001823,91.3,72.2,modelled
N20001824,95.1,74.4,modelled
N20001825,92.9,73.1,modelled
N20001826,90.0,71.4,modelled
N20001827,92.2,72.7,modelled
N20001829,94.7,74.2,modelled
N20001831,94.0,73.8,modelled
N20001833,89.6,71.2,modelled
N20001834,92.8,73.0,modelled
N20001838,93.8,73.6,modelled
N20001840,90.5,71.7,modelled
N20001841,95.0,74.3,modelled
N20001844,95.8,74.8,modelled
N20001847,94.2,73.9,modelled
N20001850,55.8,51.2,modelled
N20001851,68.1,58.5,modelled
N20001852,31.7,36.9,modelled
N20001853,10.8,24.6,modelled
N20001854,49.6,47.5,modelled
N20001855,43.7,44.0,modelled
N20001856,7.0,22.4,modelled
N20001857,15.2,27.2,modelled
N20001858,67.8,58.3,modelled
N20001859,50.0,47.8,modelled
N20001860,55.2,50.8,modelled
N20001861,71.6,60.5,modelled
N20001862,22.3,31.4,modelled
N20001863,45.1,44.9,modelled
N20001864,28.3,34.9,modelled
N20001865,25.1,33.0,modelled
N20001866,13.8,26.4,modelled
N20001867,44.1,44.3,modelled
N20001868,17.3,28.4,modelled
N20001869,10.9,24.7,modelled
N20001870,59.0,53.1,modelled
N20001871,36.5,39.8,modelled
N20001872,56.6,51.7,modelled
N20001873,25.2,33.1,modelled
N20001874,73.9,61.9,modelled
N20001875,31.1,36.6,modelled
N20001876,9.0,23.5,modelled
N20001877,64.6,56.4,modelled
N20001878,50.7,48.2,modelled
N20001879,27.3,34.3,modelled
N20001880,17.4,28.5,modelled
N20001882,65.6,57.0,modelled
N20001883,80.8,66.0,modelled
N20001884,58.9,53.0,modelled
N20001885,50.0,47.8,modelled
N20001886,55.4,50.9,modelled
N20001888,56.7,51.7,modelled
N20001889,83.7,67.7,modelled
N20001891,66.7,57.6,modelled
N20001892,92.1,72.6,modelled
N20001894,22.7,31.6,modelled
N20001895,76.0,63.1,modelled
N20001896,88.8,70.7,modelled
N20001898,22.5,31.5,modelled
N20001899,4.7,21.0,modelled
N20001900,76.1,63.2,modelled
N20001901,91.2,72.1,modelled
N20001902,28.9,35.3,modelled
N20001903,47.3,46.2,modelled
N20001904,87.5,69.9,modelled
N20001905,5.7,21.6,modelled
N20001906,93.1,73.2,modelled
N20001907,42.6,43.4,modelled
N20001908,50.8,48.2,modelled
N20001909,88.6,70.6,modelled
N20001912,81.8,66.5,modelled
N20001913,82.4,66.9,modelled
N20001914,62.1,54.9,modelled
N20001916,56.8,51.8,modelled
N20001917,45.9,45.3,modelled
N20001919,60.3,53.8,modelled
N20001920,61.1,54.3,modelled
N20001921,61.2,54.4,modelled
N20001922,31.1,36.6,modelled
N20001923,77.3,63.9,modelled
N20001924,91.1,72.0,modelled
N20001925,90.0,71.4,modelled
N20001926,80.5,65.8,modelled
N20001927,73.3,61.5,modelled
N20001928,52.5,49.2,modelled
N20001929,46.5,45.7,modelled
N20001932,6.8,22.2,modelled
N20001933,4.7,21.0,modelled
N20001935,48.2,46.7,modelled
N20001936,50.7,48.2,modelled
N20001937,56.9,51.8,modelled
N20001938,80.3,65.7,modelled
N20001939,10.4,24.4,modelled
N20001940,8.8,23.4,modelled
N20001943,69.8,59.5,modelled
N20001944,73.1,61.4,modelled
N20001946,60.4,53.9,modelled
N20001947,19.8,29.9,modelled
N20001948,18.6,29.2,modelled
N20001949,63.9,56.0,modelled
N20001950,21.9,31.2,modelled
N20001951,47.9,46.5,modelled
N20001952,16.4,27.9,modelled
N20001954,61.1,54.3,modelled
N20001956,87.4,69.9,modelled
N20001957,40.7,42.3,modelled
N20001958,18.2,29.0,modelled
N20001959,58.9,53.0,modelled
N20001960,82.0,66.7,modelled
N20001961,57.5,52.2,modelled
N20001962,86.2,69.1,modelled
N20001963,84.6,68.2,modelled
N20001964,92.1,72.6,modelled
N20001965,81.8,66.5,modelled
N20001966,88.5,70.5,modelled
N20001969,88.7,70.6,modelled
N20001970,94.3,73.9,modelled
N20001971,73.2,61.5,modelled
N20001972,92.0,72.6,modelled
N20001974,93.1,73.2,modelled
N20001977,89.1,70.9,modelled
N20001980,87.1,69.7,modelled
N20001982,94.8,74.2,modelled
N20001983,95.6,74.7,modelled
N20001984,93.5,73.5,modelled
N20001985,92.2,72.7,modelled
N20001986,95.7,74.8,modelled
N20001988,67.1,57.9,modelled
N20001989,71.8,60.6,modelled
N20001990,60.2,53.8,modelled
N20001992,66.3,57.4,modelled
N20001993,82.4,66.9,modelled
N20001994,91.5,72.3,modelled
N20001996,94.9,74.3,modelled
N20001997,92.3,72.8,modelled
N20001998,84.0,67.8,modelled
N20002000,57.5,52.2,modelled
N20002001,67.9,58.3,modelled
N20002002,68.0,58.4,modelled
N20002006,64.3,56.2,modelled
N20002007,34.9,38.8,modelled
N20002008,29.3,35.5,modelled
N20002009,65.5,56.9,modelled
N20002010,39.0,41.3,modelled
N20002012,89.0,70.8,modelled
N20002014,85.5,68.7,modelled
N20002015,26.5,33.9,modelled
N20002016,57.2,52.0,modelled
N20002017,37.1,40.1,modelled
N20002018,82.5,67.0,modelled
N20002019,58.0,52.5,modelled
N20002020,41.6,42.8,modelled
N20002021,35.4,39.1,modelled
N20002022,19.2,29.6,modelled
N20002023,84.8,68.3,modelled
N20002024,14.3,26.7,modelled
N20002027,28.7,35.2,modelled
N20002029,34.1,38.4,modelled
N20002030,18.0,28.9,modelled
N20002031,52.8,49.4,modelled
N20002032,30.1,36.0,modelled
N20002033,26.1,33.6,modelled
N20002034,45.4,45.0,modelled
N20002035,41.8,42.9,modelled
N20002036,47.3,46.2,modelled
N20002038,95.8,74.8,modelled
N20002039,42.8,43.5,modelled
N20002040,76.4,63.4,modelled
N20002041,50.9,48.3,modelled
N20002043,75.4,62.8,modelled
N20002044,71.7,60.6,modelled
N20002045,75.4,62.8,modelled
N20002046,66.6,57.6,modelled
N20002047,69.8,59.5,modelled
N20002048,90.9,71.9,modelled
N20002049,89.2,70.9,modelled
N20002050,63.3,55.6,modelled
N20002051,71.5,60.5,modelled
N20002052,56.5,51.6,modelled
N20002054,88.6,70.6,modelled
N20002055,71.8,60.6,modelled
N20002056,78.0,64.3,modelled
N20002059,84.1,67.9,modelled
N20002060,78.2,64.4,modelled
N20002061,42.6,43.4,modelled
N20002062,68.7,58.8,modelled
N20002063,72.9,61.3,modelled
N20002064,69.1,59.0,modelled
N20002065,30.7,36.4,modelled
N20002066,87.9,70.2,modelled
N20002067,67.1,57.9,modelled
N20002069,64.2,56.1,modelled
N20002070,53.0,49.5,modelled
N20002071,53.8,50.0,modelled
N20002072,57.8,52.4,modelled
N20002074,88.9,70.7,modelled
N20002077,89.8,71.3,modelled
N20002078,74.9,62.5,modelled
N20002079,90.4,71.6,modelled
N20002081,41.5,42.7,modelled
N20002082,13.2,26.0,modelled
N20002083,26.1,33.6,modelled
N20002084,29.7,35.8,modelled
N20002085,58.3,52.7,modelled
N20002086,76.8,63.6,modelled
N20002087,55.1,50.8,modelled
N20002088,66.0,57.2,modelled
N20002090,54.6,50.5,modelled
N20002091,79.9,65.4,modelled
N20002092,59.6,53.4,modelled
N20002093,47.8,46.5,modelled
N20002094,68.9,58.9,modelled
N20002095,87.4,69.9,modelled
N20002096,75.5,62.8,modelled
N20002097,46.7,45.8,modelled
N20002098,66.2,57.3,modelled
N20002099,63.3,55.6,modelled
N20002100,55.3,50.9,modelled
N20002101,69.8,59.5,modelled
N20002102,54.7,50.5,modelled
N20002103,72.3,60.9,modelled
N20002104,63.5,55.7,modelled
N20002105,49.6,47.5,modelled
N20002106,51.8,48.8,modelled
N20002107,56.4,51.5,modelled
N20002108,39.9,41.8,modelled
N20002109,40.2,42.0,modelled
N20002110,26.5,33.9,modelled
N20002111,49.1,47.2,modelled
N20002112,61.2,54.4,modelled
N20002113,54.1,50.2,modelled
N20002114,68.4,58.6,modelled
N20002116,60.1,53.7,modelled
N20002117,11.7,25.1,modelled
N20002118,13.0,25.9,modelled
N20002119,12.6,25.7,modelled
N20002120,32.0,37.1,modelled
N20002121,39.1,41.3,modelled
N20002122,39.1,41.3,modelled
N20002123,26.6,33.9,modelled
N20002124,84.0,67.8,modelled
N20002125,56.8,51.8,modelled
N20002126,23.5,32.1,modelled
N20002127,21.7,31.0,modelled
N20002129,60.4,53.9,modelled
N20002130,26.2,33.7,modelled
N20002132,76.7,63.5,modelled
N20002133,71.7,60.6,modelled
N20002134,77.8,64.2,modelled
N20002135,62.7,55.3,modelled
N20002136,65.2,56.7,modelled
N20002138,77.1,63.8,modelled
N20002139,35.4,39.1,modelled
N20002142,52.5,49.2,modelled
N20002143,8.1,23.0,modelled
N20002145,37.1,40.1,modelled
N20002146,70.1,59.6,modelled
N20002147,29.8,35.8,modelled
N20002148,41.5,42.7,modelled
N20002149,65.9,57.2,modelled
N20002150,21.5,30.9,modelled
N20002151,51.3,48.5,modelled
N20002152,57.7,52.3,modelled
N20002153,29.4,35.6,modelled
N20002154,77.4,63.9,modelled
N20002156,61.8,54.7,modelled
N20002157,78.6,64.7,modelled
N20002158,43.3,43.8,modelled
N20002159,87.7,70.0,modelled
N20002160,80.1,65.5,modelled
N20002161,59.5,53.4,modelled
N20002162,80.4,65.7,modelled
N20002163,78.1,64.4,modelled
N20002164,57.5,52.2,modelled
N20002165,46.3,45.6,modelled
N20002166,76.5,63.4,modelled
N20002167,86.2,69.1,modelled
N20002168,54.1,50.2,modelled
N20002169,75.1,62.6,modelled
N20002170,79.7,65.3,modelled
N20002171,67.8,58.3,modelled
N20002172,72.6,61.1,modelled
N20002174,66.2,57.3,modelled
N20002175,73.0,61.3,modelled
N20002176,71.3,60.3,modelled
N20002177,71.4,60.4,modelled
N20002178,83.8,67.7,modelled
N20002180,45.7,45.2,modelled
N20002181,46.3,45.6,modelled
N20002182,75.2,62.6,modelled
N20002183,88.6,70.6,modelled
N20002185,85.4,68.7,modelled
N20002188,84.2,68.0,modelled
N20002189,60.6,54.0,modelled
N20002190,84.8,68.3,modelled
N20002192,63.7,55.9,modelled
N20002193,78.8,64.8,modelled
N20002195,65.0,56.6,modelled
N20002196,56.8,51.8,modelled
N20002197,31.4,36.8,modelled
N20002198,82.1,66.7,modelled
N20002199,64.6,56.4,modelled
N20002200,10.5,24.4,modelled
N20002201,23.7,32.2,modelled
N20002202,85.6,68.8,modelled
N20002203,91.9,72.5,modelled
N20002204,91.2,72.1,modelled
N20002205,85.3,68.6,modelled
N20002206,24.9,32.9,modelled
N20002207,52.7,49.4,modelled
N20002208,68.6,58.7,modelled
N20002209,33.5,38.0,modelled
N20002210,93.6,73.5,modelled
N20002211,60.3,53.8,modelled
N20002212,84.6,68.2,modelled
N20002213,78.7,64.7,modelled
N20002214,92.3,72.8,modelled
N20002216,77.4,63.9,modelled
N20002217,14.5,26.8,modelled
N20002218,66.2,57.3,modelled
N20002219,81.2,66.2,modelled
N20002220,65.9,57.2,modelled
N20002221,69.4,59.2,modelled
N20002223,93.9,73.7,modelled
N20002225,85.8,68.9,modelled
N20002230,68.5,58.7,modelled
N20002232,60.5,54.0,modelled
N20002233,71.8,60.6,modelled
N20002234,74.7,62.4,modelled
N20002236,75.7,62.9,modelled
N20002237,94.3,73.9,modelled
N20002238,90.4,71.6,modelled
N20002239,86.3,69.2,modelled
N20002240,95.3,74.5,modelled
N20002242,66.3,57.4,modelled
N20002243,75.0,62.5,modelled
N20002244,64.1,56.1,modelled
N20002245,51.5,48.6,modelled
N20002246,30.5,36.2,modelled
N20002247,62.1,54.9,modelled
N20002248,90.0,71.4,modelled
N20002249,46.2,45.5,modelled
N20002251,92.0,72.6,modelled
N20002252,17.6,28.6,modelled
N20002253,21.9,31.2,modelled
N20002254,16.3,27.8,modelled
N20002255,16.5,28.0,modelled
N20002256,21.1,30.7,modelled
N20002257,38.2,40.8,modelled
N20002258,11.6,25.1,modelled
N20002259,5.9,21.7,modelled
N20002260,11.1,24.8,modelled
N20002261,12.8,25.8,modelled
N20002262,13.9,26.4,modelled
N20002263,22.4,31.4,modelled
N20002264,17.8,28.7,modelled
N20002265,14.8,27.0,modelled
N20002266,17.7,28.7,modelled
N20002267,19.8,29.9,modelled
N20002268,20.2,30.2,modelled
N20002269,13.4,26.1,modelled
N20002270,22.2,31.3,modelled
N20002271,21.9,31.2,modelled
N20002272,27.7,34.6,modelled
N20002273,24.0,32.4,modelled
N20002274,13.6,26.3,modelled
N20002275,23.9,32.3,modelled
N20002276,28.2,34.9,modelled
N20002278,7.7,22.8,modelled
N20002279,16.1,27.7,modelled
N20002280,13.5,26.2,modelled
N20002281,14.7,26.9,modelled
N20002282,12.6,25.7,modelled
N20002283,17.2,28.4,modelled
N20002284,11.0,24.7,modelled
N20002285,9.1,23.6,modelled
N20002286,8.7,23.4,modelled
N20002288,88.4,70.4,modelled
N20002289,60.7,54.1,modelled
N20002290,87.8,70.1,modelled
N20002291,77.4,63.9,modelled
N20002292,89.8,71.3,modelled
N20002293,67.8,58.3,modelled
N20002294,36.2,39.6,modelled
N20002295,63.5,55.7,modelled
N20002296,36.5,39.8,modelled
N20002297,39.5,41.6,modelled
N20002298,24.8,32.9,modelled
N20002299,41.7,42.9,modelled
N20002300,24.8,32.9,modelled
N20002301,12.1,25.4,modelled
N20002302,18.4,29.1,modelled
N20002303,21.9,31.2,modelled
N20002305,55.7,51.1,modelled
N20002306,57.6,52.2,modelled
N20002307,48.8,47.0,modelled
N20002308,56.8,51.8,modelled
N20002309,47.8,46.5,modelled
N20002310,44.2,44.3,modelled
N20002312,41.2,42.6,modelled
N20002313,8.7,23.4,modelled
N20002314,14.2,26.6,modelled
N20002315,12.6,25.7,modelled
N20002316,13.0,25.9,modelled
N20002317,17.5,28.6,modelled
N20002318,42.4,43.3,modelled
N20002319,18.9,29.4,modelled
N20002320,13.8,26.4,modelled
N20002321,9.5,23.8,modelled
N20002322,7.5,22.6,modelled
N20002323,10.0,24.1,modelled
N20002324,8.7,23.4,modelled
N20002325,8.6,23.3,modelled
N20002326,24.0,32.4,modelled
N20002327,11.3,24.9,modelled
N20002328,11.1,24.8,modelled
N20002329,7.7,22.8,modelled
N20002330,18.6,29.2,modelled
N20002332,5.9,21.7,modelled
N20002334,7.7,22.8,modelled
N20002335,16.1,27.7,modelled
N20002336,18.2,29.0,modelled
N20002337,8.8,23.4,modelled
N20002338,22.0,31.2,modelled
N20002339,12.8,25.8,modelled
N20002340,13.6,26.3,modelled
N20002341,16.9,28.2,modelled
N20002342,27.4,34.4,modelled
N20002343,17.4,28.5,modelled
N20002344,23.4,32.0,modelled
N20002345,17.2,28.4,modelled
N20002346,24.7,32.8,modelled
N20002347,12.7,25.7,modelled
N20002348,21.3,30.8,modelled
N20002349,26.4,33.8,modelled
N20002350,22.6,31.6,modelled
N20002351,33.7,38.1,modelled
N20002352,19.9,30.0,modelled
N20002353,27.8,34.6,modelled
N20002354,36.0,39.5,modelled
N20002355,49.5,47.5,modelled
N20002357,40.5,42.1,modelled
N20002358,37.5,40.4,modelled
N20002359,42.8,43.5,modelled
N20002360,26.4,33.8,modelled
N20002361,55.2,50.8,modelled
N20002362,30.1,36.0,modelled
N20002363,30.3,36.1,modelled
N20002364,42.7,43.4,modelled
N20002366,22.0,31.2,modelled
N20002368,18.0,28.9,modelled
N20002370,8.2,23.1,modelled
N20002371,10.9,24.7,modelled
N20002372,25.9,33.5,modelled
N20002373,27.8,34.6,modelled
N20002374,11.3,24.9,modelled
N20002375,10.6,24.5,modelled
N20002376,18.6,29.2,modelled
N20002377,65.3,56.8,modelled
N20002378,59.4,53.3,modelled
N20002379,11.4,25.0,modelled
N20002380,5.3,21.3,modelled
N20002381,40.2,42.0,modelled
N20002382,7.7,22.8,modelled
N20002383,34.7,38.7,modelled
N20002384,17.8,28.7,modelled
N20002385,71.4,60.4,modelled
N20002386,7.7,22.8,modelled
N20002387,33.9,38.2,modelled
N20002388,5.5,21.5,modelled
N20002389,62.8,55.3,modelled
N20002391,47.3,46.2,modelled
N20002392,60.4,53.9,modelled
N20002393,30.5,36.2,modelled
N20002395,68.4,58.6,modelled
N20002396,32.4,37.4,modelled
N20002397,31.0,36.5,modelled
N20002398,37.9,40.6,modelled
N20002399,38.4,40.9,modelled
N20002400,26.2,33.7,modelled
N20002401,25.5,33.3,modelled
N20002402,30.0,35.9,modelled
N20002403,20.5,30.3,modelled
N20002404,16.4,27.9,modelled
N20002405,27.5,34.5,modelled
N20002406,39.0,41.3,modelled
N20002407,10.4,24.4,modelled
N20002408,24.4,32.6,modelled
N20002409,14.6,26.8,modelled
N20002410,21.1,30.7,modelled
N20002411,25.3,33.2,modelled
N20002412,32.0,37.1,modelled
N20002413,22.7,31.6,modelled
N20002414,21.2,30.7,modelled
N20002415,21.8,31.1,modelled
N20002416,15.6,27.4,modelled
N20002417,17.1,28.3,modelled
N20002418,26.0,33.6,modelled
N20002419,28.9,35.3,modelled
N20002420,24.2,32.5,modelled
N20002421,28.3,34.9,modelled
N20002422,25.4,33.2,modelled
N20002423,26.8,34.0,modelled
N20002424,27.3,34.3,modelled
N20002425,23.2,31.9,modelled
N20002426,18.2,29.0,modelled
N20002427,23.9,32.3,modelled
N20002428,13.6,26.3,modelled
N20002429,4.1,20.6,modelled
N20002430,21.8,31.1,modelled
N20002431,9.6,23.9,modelled
N20002432,12.6,25.7,modelled
N20002433,20.9,30.6,modelled
N20002434,6.8,22.2,modelled
N20002435,17.0,28.3,modelled
N20002436,17.4,28.5,modelled
N20002437,22.5,31.5,modelled
N20002438,11.8,25.2,modelled
N20002439,18.2,29.0,modelled
N20002440,7.3,22.5,modelled
N20002441,14.0,26.5,modelled
N20002442,11.7,25.1,modelled
N20002443,8.5,23.2,modelled
N20002444,11.3,24.9,modelled
N20002445,12.1,25.4,modelled
N20002446,6.4,22.0,modelled
N20002447,7.3,22.5,modelled
N20002448,14.5,26.8,modelled
N20002449,7.0,22.4,modelled
N20002450,13.2,26.0,modelled
N20002451,5.1,21.2,modelled
N20002452,12.6,25.7,modelled
N20002453,19.1,29.5,modelled
N20002454,21.2,30.7,modelled
N20002455,24.8,32.9,modelled
N20002456,56.9,51.8,modelled
N20002457,51.4,48.6,modelled
N20002458,54.0,50.1,modelled
N20002459,44.5,44.5,modelled
N20002460,42.8,43.5,modelled
N20002461,40.1,41.9,modelled
N20002462,26.5,33.9,modelled
N20002463,51.7,48.8,modelled
N20002464,40.3,42.0,modelled
N20002465,48.6,46.9,modelled
N20002466,44.8,44.7,modelled
N20002467,41.8,42.9,modelled
N20002468,44.6,44.6,modelled
N20002469,49.5,47.5,modelled
N20002470,46.7,45.8,modelled
N20002471,52.0,48.9,modelled
N20002472,44.8,44.7,modelled
N20002473,52.3,49.1,modelled
N20002474,46.4,45.6,modelled
N20002475,43.1,43.7,modelled
N20002476,53.6,49.9,modelled
N20002477,39.7,41.7,modelled
N20002478,54.2,50.2,modelled
N20002479,59.2,53.2,modelled
N20002480,51.3,48.5,modelled
N20002481,35.5,39.2,modelled
N20002482,60.9,54.2,modelled
N20002483,55.7,51.1,modelled
N20002484,46.0,45.4,modelled
N20002485,76.7,63.5,modelled
N20002486,58.0,52.5,modelled
N20002487,70.5,59.9,modelled
N20002488,58.1,52.5,modelled
N20002490,39.1,41.3,modelled
N20002491,39.8,41.7,modelled
N20002492,21.1,30.7,modelled
N20002493,19.6,29.8,modelled
N20002494,57.8,52.4,modelled
N20002495,65.4,56.9,modelled
N20002496,52.3,49.1,modelled
N20002497,61.8,54.7,modelled
N20002498,19.6,29.8,modelled
N20002499,39.7,41.7,modelled
N20002500,5.1,21.2,modelled
N20002501,6.2,21.9,modelled
N20002502,9.8,24.0,modelled
N20002503,9.0,23.5,modelled
N20002504,13.8,26.4,modelled
N20002505,7.7,22.8,modelled
N20002507,7.7,22.8,modelled
N20002508,19.2,29.6,modelled
N20002509,9.9,24.1,modelled
N20002510,1.7,19.2,modelled
N20002511,2.3,19.6,modelled
N20002512,10.3,24.3,modelled
N20002513,6.3,21.9,modelled
N20002514,5.2,21.3,modelled
N20002515,9.8,24.0,modelled
N20002516,18.5,29.1,modelled
N20002517,4.3,20.8,modelled
N20002519,9.3,23.7,modelled
N20002520,9.3,23.7,modelled
N20002521,4.6,20.9,modelled
N20002522,1.3,19.0,modelled
N20002524,11.8,25.2,modelled
N20002525,6.8,22.2,modelled
N20002526,16.2,27.8,modelled
N20002527,5.6,21.5,modelled
N20002528,15.5,27.4,modelled
N20002531,9.9,24.1,modelled
N20002532,9.6,23.9,modelled
N20002534,10.1,24.2,modelled
N20002535,6.0,21.8,modelled
N20002537,5.4,21.4,modelled
N20002538,11.1,24.8,modelled
N20002539,11.1,24.8,modelled
N20002541,7.5,22.6,modelled
N20002542,6.4,22.0,modelled
N20002543,11.6,25.1,modelled
N20002544,4.1,20.6,modelled
N20002545,5.0,21.2,modelled
N20002546,5.8,21.6,modelled
N20002547,16.0,27.7,modelled
N20002549,6.0,21.8,modelled
N20002551,7.8,22.8,modelled
N20002552,35.6,39.2,modelled
N20002553,37.9,40.6,modelled
N20002554,2.5,19.7,modelled
N20002555,5.0,21.2,modelled
N20002556,3.5,20.3,modelled
N20002557,1.5,19.1,modelled
N20002558,3.4,20.2,modelled
N20002559,6.1,21.8,modelled
N20002560,37.9,40.6,modelled
N20002561,68.0,58.4,modelled
N20002562,51.2,48.5,modelled
N20002563,9.6,23.9,modelled
N20002564,7.5,22.6,modelled
N20002565,9.5,23.8,modelled
N20002567,3.7,20.4,modelled
N20002569,11.0,24.7,modelled
N20002571,3.0,20.0,modelled
N20002572,3.3,20.2,modelled
N20002573,4.6,20.9,modelled
N20002574,5.6,21.5,modelled
N20002577,53.7,49.9,modelled
N20002578,6.3,21.9,modelled
N20002579,5.6,21.5,modelled
N20002580,18.4,29.1,modelled
N20002581,28.7,35.2,modelled
N20002582,8.2,23.1,modelled
N20002583,64.7,56.4,modelled
N20002584,23.2,31.9,modelled
N20002587,56.2,51.4,modelled
N20002588,61.8,54.7,modelled
N20002590,67.9,58.3,modelled
N20002591,34.8,38.8,modelled
N20002593,65.9,57.2,modelled
N20002594,51.8,48.8,modelled
N20002595,28.2,34.9,modelled
N20002596,50.9,48.3,modelled
N20002597,37.1,40.1,modelled
N20002598,74.9,62.5,modelled
N20002599,25.5,33.3,modelled
N20002600,12.4,25.5,modelled
N20002601,44.4,44.4,modelled
N20002602,65.8,57.1,modelled
N20002604,62.5,55.1,modelled
N20002605,52.8,49.4,modelled
N20002606,30.4,36.2,modelled
N20002607,14.8,27.0,modelled
N20002608,44.6,44.6,modelled
N20002610,22.6,31.6,modelled
N20002612,60.0,53.7,modelled
N20002613,27.9,34.7,modelled
N20002615,24.9,32.9,modelled
N20002616,36.0,39.5,modelled
N20002617,26.8,34.0,modelled
N20002618,18.7,29.3,modelled
N20002619,9.6,23.9,modelled
N20002620,19.0,29.4,modelled
N20002621,15.5,27.4,modelled
N20002622,5.0,21.2,modelled
N20002623,11.4,25.0,modelled
N20002624,23.7,32.2,modelled
N20002625,10.5,24.4,modelled
N20002626,1.7,19.2,modelled
N20002627,8.4,23.2,modelled
N20002628,16.1,27.7,modelled
N20002629,7.1,22.4,modelled
N20002631,6.5,22.1,modelled
N20002633,17.9,28.8,modelled
N20002634,18.3,29.0,modelled
N20002635,12.2,25.4,modelled
N20002637,11.5,25.0,modelled
N20002638,19.6,29.8,modelled
N20002639,41.0,42.4,modelled
N20002640,88.8,70.7,modelled
N20002641,89.3,71.0,modelled
N20002642,61.8,54.7,modelled
N20002643,51.4,48.6,modelled
N20002645,5.8,21.6,modelled
N20002646,40.3,42.0,modelled
N20002647,9.6,23.9,modelled
N20002648,5.2,21.3,modelled
N20002649,27.1,34.2,modelled
N20002650,10.1,24.2,modelled
N20002651,7.7,22.8,modelled
N20002652,7.9,22.9,modelled
N20002653,5.6,21.5,modelled
N20002654,2.7,19.8,modelled
N20002655,45.6,45.2,modelled
N20002656,5.5,21.5,modelled
N20002658,28.3,34.9,modelled
N20002660,5.7,21.6,modelled
N20002661,7.6,22.7,modelled
N20002662,7.4,22.6,modelled
N20002663,22.0,31.2,modelled
N20002664,21.6,31.0,modelled
N20002665,5.5,21.5,modelled
N20002666,14.0,26.5,modelled
N20002667,11.0,24.7,modelled
N20002668,11.7,25.1,modelled
N20002669,8.4,23.2,modelled
N20002670,7.6,22.7,modelled
N20002671,10.1,24.2,modelled
N20002672,9.3,23.7,modelled
N20002673,2.4,19.6,modelled
N20002675,6.3,21.9,modelled
N20002676,9.9,24.1,modelled
N20002677,7.4,22.6,modelled
N20002678,5.6,21.5,modelled
N20002679,2.7,19.8,modelled
N20002680,5.0,21.2,modelled
N20002681,6.1,21.8,modelled
N20002682,5.5,21.5,modelled
N20002683,5.0,21.2,modelled
N20002686,83.1,67.3,modelled
N20002689,42.4,43.3,modelled
N20002690,51.1,48.4,modelled
N20002691,45.4,45.0,modelled
N20002692,31.4,36.8,modelled
N20002693,22.0,31.2,modelled
N20002694,32.7,37.5,modelled
N20002695,26.8,34.0,modelled
N20002696,33.4,37.9,modelled
N20002697,33.2,37.8,modelled
N20002698,44.0,44.2,modelled
N20002699,25.0,33.0,modelled
N20002700,27.8,34.6,modelled
N20002704,17.7,28.7,modelled
N20002705,21.8,31.1,modelled
N20002707,16.7,28.1,modelled
N20002708,18.5,29.1,modelled
N20002710,20.7,30.4,modelled
N20002712,21.0,30.6,modelled
N20002713,21.5,30.9,modelled
N20002715,33.9,38.2,modelled
N20002716,22.6,31.6,modelled
N20002717,36.5,39.8,modelled
N20002718,36.3,39.7,modelled
N20002719,14.7,26.9,modelled
N20002720,43.6,44.0,modelled
N20002722,17.0,28.3,modelled
N20002723,14.2,26.6,modelled
N20002724,26.9,34.1,modelled
N20002725,18.8,29.3,modelled
N20002726,30.5,36.2,modelled
N20002727,31.8,37.0,modelled
N20002728,27.2,34.3,modelled
N20002729,26.0,33.6,modelled
N20002730,20.8,30.5,modelled
N20002731,21.1,30.7,modelled
N20002732,21.2,30.7,modelled
N20002733,28.8,35.2,modelled
N20002734,14.5,26.8,modelled
N20002735,20.2,30.2,modelled
N20002736,14.5,26.8,modelled
N20002737,26.9,34.1,modelled
N20002738,24.9,32.9,modelled
N20002739,6.8,22.2,modelled
N20002740,9.7,23.9,modelled
N20002741,4.0,20.6,modelled
N20002742,10.4,24.4,modelled
N20002743,4.1,20.6,modelled
N20002744,6.8,22.2,modelled
N20002745,5.7,21.6,modelled
N20002746,3.0,20.0,modelled
N20002747,5.2,21.3,modelled
N20002748,7.5,22.6,modelled
N20002749,6.2,21.9,modelled
N20002750,4.9,21.1,modelled
N20002751,5.8,21.6,modelled
N20002752,3.8,20.5,modelled
N20002753,4.4,20.8,modelled
N20002754,14.9,27.0,modelled
N20002755,11.6,25.1,modelled
N20002756,13.4,26.1,modelled
N20002757,16.7,28.1,modelled
N20002758,13.4,26.1,modelled
N20002760,20.1,30.1,modelled
N20002761,17.6,28.6,modelled
N20002762,19.0,29.4,modelled
N20002763,5.9,21.7,modelled
N20002764,8.3,23.1,modelled
N20002765,8.6,23.3,modelled
N20002766,6.2,21.9,modelled
N20002767,9.1,23.6,modelled
N20002768,6.0,21.8,modelled
N20002769,9.6,23.9,modelled
N20002770,8.8,23.4,modelled
N20002771,12.5,25.6,modelled
N20002772,1.5,19.1,modelled
N20002774,7.5,22.6,modelled
N20002775,6.2,21.9,modelled
N20002776,8.1,23.0,modelled
N20002777,7.7,22.8,modelled
N20002778,9.1,23.6,modelled
N20002779,8.2,23.1,modelled
N20002780,7.1,22.4,modelled
N20002781,5.4,21.4,modelled
N20002782,5.1,21.2,modelled
N20002783,5.7,21.6,modelled
N20002784,7.1,22.4,modelled
N20002785,7.0,22.4,modelled
N20002786,9.9,24.1,modelled
N20002788,7.3,22.5,modelled
N20002789,15.1,27.1,modelled
N20002790,11.3,24.9,modelled
N20002791,6.3,21.9,modelled
N20002792,11.2,24.8,modelled
N20002793,10.4,24.4,modelled
N20002794,9.9,24.1,modelled
N20002795,8.9,23.5,modelled
N20002796,13.9,26.4,modelled
N20002797,12.2,25.4,modelled
N20002798,16.5,28.0,modelled
N20002799,22.1,31.3,modelled
N20002800,13.9,26.4,modelled
N20002801,13.2,26.0,modelled
N20002802,2.9,19.9,modelled
N20002803,8.7,23.4,modelled
N20002804,6.0,21.8,modelled
N20002805,7.3,22.5,modelled
N20002806,8.3,23.1,modelled
N20002807,7.5,22.6,modelled
N20002808,6.7,22.2,modelled
N20002809,6.4,22.0,modelled
N20002810,6.9,22.3,modelled
N20002811,7.6,22.7,modelled
N20002812,6.0,21.8,modelled
N20002813,4.7,21.0,modelled
N20002814,10.3,24.3,modelled
N20002815,4.1,20.6,modelled
N20002816,6.7,22.2,modelled
N20002817,5.4,21.4,modelled
N20002818,5.4,21.4,modelled
N20002819,5.8,21.6,modelled
N20002820,13.1,26.0,modelled
N20002821,6.8,22.2,modelled
N20002822,9.7,23.9,modelled
N20002823,11.4,25.0,modelled
N20002824,16.5,28.0,modelled
N20002825,13.3,26.1,modelled
N20002826,9.4,23.8,modelled
N20002828,12.8,25.8,modelled
N20002829,7.7,22.8,modelled
N20002830,16.5,28.0,modelled
N20002831,11.6,25.1,modelled
N20002832,14.2,26.6,modelled
N20002833,8.8,23.4,modelled
N20002834,8.7,23.4,modelled
N20002835,14.3,26.7,modelled
N20002836,22.1,31.3,modelled
N20002837,68.4,58.6,modelled
N20002839,68.1,58.5,modelled
N20002840,44.3,44.4,modelled
N20002843,62.9,55.4,modelled
N20002846,10.6,24.5,modelled
N20002848,80.2,65.6,modelled
N20002850,87.9,70.2,modelled
N20002851,82.8,67.1,modelled
N20002852,94.7,74.2,modelled
N20002853,22.1,31.3,modelled
N20002855,55.2,50.8,modelled
N20002856,89.6,71.2,modelled
N20002857,33.0,37.7,modelled
N20002858,82.1,66.7,modelled
N20002859,95.4,74.6,modelled
N20002860,85.0,68.4,modelled
N20002861,93.9,73.7,modelled
N20002862,92.6,72.9,modelled
N20002863,90.4,71.6,modelled
N20002865,92.0,72.6,modelled
N20002867,10.9,24.7,modelled
N20002869,90.8,71.9,modelled
N20002870,86.5,69.3,modelled
N20002871,54.7,50.5,modelled
N20002872,23.7,32.2,modelled
N20002874,91.6,72.3,modelled
N20002875,93.5,73.5,modelled
N20002876,30.0,35.9,modelled
N20002877,55.9,51.2,modelled
N20002878,95.0,74.3,modelled
N20002879,46.1,45.5,modelled
N20002880,54.3,50.3,modelled
N20002881,34.7,38.7,modelled
N20002882,81.8,66.5,modelled
N20002883,44.3,44.4,modelled
N20002884,53.6,49.9,modelled
N20002885,92.1,72.6,modelled
N20002886,46.9,45.9,modelled
N20002887,92.7,73.0,modelled
N20002888,92.2,72.7,modelled
N20002890,89.7,71.2,modelled
N20002891,51.0,48.3,modelled
N20002892,81.7,66.5,modelled
N20002893,77.6,64.1,modelled
N20002894,76.4,63.4,modelled
N20002895,72.5,61.1,modelled
N20002896,59.9,53.6,modelled
N20002897,62.1,54.9,modelled
N20002900,70.1,59.6,modelled
N20002901,59.6,53.4,modelled
N20002902,53.5,49.8,modelled
N20002903,66.7,57.6,modelled
N20002904,61.1,54.3,modelled
N20002905,48.6,46.9,modelled
N20002906,79.7,65.3,modelled
N20002907,33.3,37.9,modelled
N20002908,63.6,55.8,modelled
N20002909,54.3,50.3,modelled
N20002910,56.0,51.3,modelled
N20002911,61.8,54.7,modelled
N20002912,50.5,48.1,modelled
N20002913,19.3,29.6,modelled
N20002914,39.1,41.3,modelled
N20002915,35.8,39.4,modelled
N20002916,82.0,66.7,modelled
N20002917,63.0,55.4,modelled
N20002920,40.6,42.2,modelled
N20002922,46.2,45.5,modelled
N20002923,51.2,48.5,modelled
N20002924,40.7,42.3,modelled
N20002926,27.4,34.4,modelled
N20002927,82.9,67.2,modelled
N20002928,42.7,43.4,modelled
N20002930,80.6,65.8,modelled
N20002931,25.7,33.4,modelled
N20002932,26.7,34.0,modelled
N20002933,80.1,65.5,modelled
N20002934,19.0,29.4,modelled
N20002935,10.8,24.6,modelled
N20002937,36.4,39.7,modelled
N20002938,8.8,23.4,modelled
N20002939,15.9,27.6,modelled
N20002940,36.2,39.6,modelled
N20002941,53.9,50.1,modelled
N20002942,43.9,44.2,modelled
N20002943,57.9,52.4,modelled
N20002945,81.1,66.1,modelled
N20002946,74.1,62.0,modelled
N20002947,50.4,48.0,modelled
N20002948,91.3,72.2,modelled
N20002949,69.5,59.3,modelled
N20002950,61.4,54.5,modelled
N20002953,62.3,55.0,modelled
N20002954,68.2,58.5,modelled
N20002956,90.9,71.9,modelled
N20002957,76.2,63.2,modelled
N20002958,73.2,61.5,modelled
N20002960,24.1,32.5,modelled
N20002961,73.1,61.4,modelled
N20002962,66.5,57.5,modelled
N20002964,56.1,51.4,modelled
N20002965,67.5,58.1,modelled
N20002967,26.9,34.1,modelled
N20002968,15.0,27.1,modelled
N20002969,21.3,30.8,modelled
N20002970,89.2,70.9,modelled
N20002971,60.0,53.7,modelled
N20002972,91.1,72.0,modelled
N20002973,76.3,63.3,modelled
N20002974,64.8,56.5,modelled
N20002979,18.3,29.0,modelled
N20002982,86.4,69.3,modelled
N20002983,73.5,61.6,modelled
N20002984,75.3,62.7,modelled
N20002986,64.5,56.3,modelled
N20002988,66.1,57.3,modelled
N20002989,88.0,70.2,modelled
N20002990,82.1,66.7,modelled
N20002991,94.8,74.2,modelled
N20002993,89.3,71.0,modelled
N20002994,20.8,30.5,modelled
N20002995,94.1,73.8,modelled
N20002997,92.9,73.1,modelled
N20002998,87.9,70.2,modelled
N20002999,89.8,71.3,modelled
N20003001,94.5,74.1,modelled
N20003002,82.9,67.2,modelled
N20003003,85.8,68.9,modelled
N20003004,38.6,41.0,modelled
N20003005,87.5,69.9,modelled
N20003006,86.9,69.6,modelled
N20003007,83.7,67.7,modelled
N20003009,82.9,67.2,modelled
N20003010,91.4,72.2,modelled
N20003012,92.6,72.9,modelled
N20003013,87.3,69.8,modelled
N20003014,91.1,72.0,modelled
N20003018,73.3,61.5,modelled
N20003019,56.9,51.8,modelled
N20003020,84.5,68.1,modelled
N20003021,77.7,64.1,modelled
N20003022,84.6,68.2,modelled
N20003025,88.4,70.4,modelled
N20003026,84.6,68.2,modelled
N20003027,38.9,41.2,modelled
N20003028,84.0,67.8,modelled
N20003030,86.7,69.4,modelled
N20003031,72.2,60.9,modelled
N20003032,83.7,67.7,modelled
N20003033,90.4,71.6,modelled
N20003034,73.1,61.4,modelled
N20003035,92.6,72.9,modelled
N20003036,47.2,46.1,modelled
N20003037,81.4,66.3,modelled
N20003038,65.3,56.8,modelled
N20003039,55.4,50.9,modelled
N20003040,44.7,44.6,modelled
N20003041,89.7,71.2,modelled
N20003042,81.1,66.1,modelled
N20003043,54.5,50.4,modelled
N20003044,53.3,49.7,modelled
N20003045,47.7,46.4,modelled
N20003046,57.6,52.2,modelled
N20003047,55.1,50.8,modelled
N20003048,18.5,29.1,modelled
N20003049,40.2,42.0,modelled
N20003050,52.0,48.9,modelled
N20003051,43.7,44.0,modelled
N20003052,10.8,24.6,modelled
N20003053,2.5,19.7,modelled
N20003054,40.6,42.2,modelled
N20003055,32.2,37.2,modelled
N20003056,40.7,42.3,modelled
N20003057,46.0,45.4,modelled
N20003058,75.6,62.9,modelled
N20003060,74.4,62.2,modelled
N20003061,84.0,67.8,modelled
N20003062,69.1,59.0,modelled
N20003063,91.5,72.3,modelled
N20003064,86.3,69.2,modelled
N20003065,62.2,55.0,modelled
N20003066,46.6,45.7,modelled
N20003068,88.1,70.3,modelled
N20003070,42.2,43.1,modelled
N20003071,54.4,50.4,modelled
N20003072,43.6,44.0,modelled
N20003073,74.8,62.4,modelled
N20003074,48.9,47.1,modelled
N20003076,83.5,67.6,modelled
N20003077,52.2,49.1,modelled
N20003079,66.4,57.4,modelled
N20003080,36.6,39.8,modelled
N20003081,47.5,46.3,modelled
N20003082,69.5,59.3,modelled
N20003083,53.8,50.0,modelled
N20003084,28.1,34.8,modelled
N20003085,48.1,46.6,modelled
N20003086,56.0,51.3,modelled
N20003087,57.5,52.2,modelled
N20003088,54.5,50.4,modelled
N20003089,61.5,54.6,modelled
N20003090,48.0,46.6,modelled
N20003091,50.1,47.8,modelled
N20003092,44.2,44.3,modelled
N20003093,44.3,44.4,modelled
N20003094,14.6,26.8,modelled
N20003095,23.6,32.2,modelled
N20003097,15.6,27.4,modelled
N20003100,40.6,42.2,modelled
N20003102,32.3,37.3,modelled
N20003103,54.9,50.7,modelled
N20003104,51.1,48.4,modelled
N20003105,35.0,38.9,modelled
N20003107,78.3,64.5,modelled
N20003108,56.9,51.8,modelled
N20003109,57.5,52.2,modelled
N20003110,71.8,60.6,modelled
N20003111,84.9,68.4,modelled
N20003112,86.2,69.1,modelled
N20003113,73.2,61.5,modelled
N20003114,87.1,69.7,modelled
N20003115,92.2,72.7,modelled
N20003118,85.3,68.6,modelled
N20003119,74.8,62.4,modelled
N20003120,88.8,70.7,modelled
N20003123,91.7,72.4,modelled
N20003124,96.4,75.2,modelled
N20003125,36.2,39.6,modelled
N20003126,91.8,72.5,modelled
N20003127,89.0,70.8,modelled
N20003128,81.1,66.1,modelled
N20003129,95.6,74.7,modelled
N20003131,92.7,73.0,modelled
N20003133,94.4,74.0,modelled
N20003134,92.0,72.6,modelled
N20003135,94.3,73.9,modelled
N20003136,89.7,71.2,modelled
N20003137,94.0,73.8,modelled
N20003138,93.9,73.7,modelled
N20003143,96.2,75.1,modelled
N20003147,90.5,71.7,modelled
N20003149,95.1,74.4,modelled
N20003151,94.4,74.0,modelled
N20003152,93.3,73.3,modelled
N20003153,95.0,74.3,modelled
N20003154,51.9,48.9,modelled
N20003155,83.8,67.7,modelled
N20003156,87.8,70.1,modelled
N20003157,94.0,73.8,modelled
N20003158,77.4,63.9,modelled
N20003159,90.1,71.5,modelled
N20003160,88.0,70.2,modelled
N20003161,78.8,64.8,modelled
N20003162,90.3,71.6,modelled
N20003163,82.6,67.0,modelled
N20003164,89.9,71.3,modelled
N20003165,89.0,70.8,modelled
N20003166,93.5,73.5,modelled
N20003167,95.1,74.4,modelled
N20003168,85.8,68.9,modelled
N20003169,90.7,71.8,modelled
N20003170,84.1,67.9,modelled
N20003171,84.0,67.8,modelled
N20003172,79.1,65.0,modelled
N20003173,91.2,72.1,modelled
N20003174,83.2,67.4,modelled
N20003175,88.1,70.3,modelled
N20003176,87.5,69.9,modelled
N20003177,89.6,71.2,modelled
N20003179,73.0,61.3,modelled
N20003180,85.8,68.9,modelled
N20003181,87.5,69.9,modelled
N20003182,90.1,71.5,modelled
N20003183,92.1,72.6,modelled
N20003184,95.5,74.6,modelled
N20003185,87.3,69.8,modelled
N20003187,88.6,70.6,modelled
N20003188,94.2,73.9,modelled
N20003189,88.1,70.3,modelled
N20003190,74.0,61.9,modelled
N20003191,93.4,73.4,modelled
N20003192,91.9,72.5,modelled
N20003193,85.5,68.7,modelled
N20003194,95.0,74.3,modelled
N20003195,89.4,71.0,modelled
N20003196,84.8,68.3,modelled
N20003197,91.6,72.3,modelled
N20003198,91.4,72.2,modelled
N20003199,89.2,70.9,modelled
N20003200,92.5,72.9,modelled
N20003202,93.4,73.4,modelled
N20003204,92.4,72.8,modelled
N20003205,96.1,75.0,modelled
N20003207,88.4,70.4,modelled
N20003208,33.3,37.9,modelled
N20003209,46.1,45.5,modelled
N20003210,68.4,58.6,modelled
N20003211,86.5,69.3,modelled
N20003213,60.6,54.0,modelled
N20003215,62.5,55.1,modelled
N20003216,81.8,66.5,modelled
N20003217,91.2,72.1,modelled
N20003218,92.2,72.7,modelled
N20003219,85.8,68.9,modelled
N20003221,88.7,70.6,modelled
N20003222,87.2,69.7,modelled
N20003223,90.9,71.9,modelled
N20003224,94.6,74.1,modelled
N20003225,94.9,74.3,modelled
N20003228,87.3,69.8,modelled
N20003229,85.3,68.6,modelled
N20003231,94.3,73.9,modelled
N20003232,90.1,71.5,modelled
N20003233,91.1,72.0,modelled
N20003237,89.0,70.8,modelled
N20003238,83.8,67.7,modelled
N20003239,90.2,71.5,modelled
N20003241,82.2,66.8,modelled
N20003242,77.4,63.9,modelled
N20003243,89.1,70.9,modelled
N20003244,91.7,72.4,modelled
N20003247,85.8,68.9,modelled
N20003248,84.0,67.8,modelled
N20003249,82.3,66.8,modelled
N20003250,87.4,69.9,modelled
N20003252,88.6,70.6,modelled
N20003253,81.7,66.5,modelled
N20003254,86.1,69.1,modelled
N20003255,73.9,61.9,modelled
N20003256,77.7,64.1,modelled
N20003257,73.5,61.6,modelled
N20003260,93.9,73.7,modelled
N20003261,66.3,57.4,modelled
N20003262,72.6,61.1,modelled
N20003263,76.8,63.6,modelled
N20003264,71.8,60.6,modelled
N20003265,80.7,65.9,modelled
N20003267,80.8,66.0,modelled
N20003268,64.2,56.1,modelled
N20003269,81.8,66.5,modelled
N20003271,67.6,58.2,modelled
N20003272,69.5,59.3,modelled
N20003273,67.3,58.0,modelled
N20003274,70.5,59.9,modelled
N20003275,61.9,54.8,modelled
N20003276,85.8,68.9,modelled
N20003279,66.9,57.7,modelled
N20003281,60.2,53.8,modelled
N20003282,64.6,56.4,modelled
N20003283,72.8,61.2,modelled
N20003285,25.7,33.4,modelled
N20003287,4.3,20.8,modelled
N20003288,36.8,40.0,modelled
N20003289,56.7,51.7,modelled
N20003290,63.2,55.6,modelled
N20003292,23.9,32.3,modelled
N20003293,41.8,42.9,modelled
N20003294,59.8,53.5,modelled
N20003295,80.8,66.0,modelled
N20003296,57.1,52.0,modelled
N20003297,40.1,41.9,modelled
N20003298,9.2,23.7,modelled
N20003299,76.9,63.7,modelled
N20003300,13.5,26.2,modelled
N20003301,27.0,34.2,modelled
N20003302,88.4,70.4,modelled
N20003303,46.9,45.9,modelled
N20003304,57.2,52.0,modelled
N20003305,18.5,29.1,modelled
N20003306,13.8,26.4,modelled
N20003307,14.8,27.0,modelled
N20003308,44.6,44.6,modelled
N20003311,34.4,38.5,modelled
N20003312,12.2,25.4,modelled
N20003313,63.4,55.7,modelled
N20003314,14.2,26.6,modelled
N20003315,87.0,69.6,modelled
N20003316,9.9,24.1,modelled
N20003317,57.4,52.1,modelled
N20003319,83.0,67.3,modelled
N20003320,49.6,47.5,modelled
N20003323,54.2,50.2,modelled
N20003324,72.6,61.1,modelled
N20003325,73.4,61.6,modelled
N20003326,67.8,58.3,modelled
N20003327,73.9,61.9,modelled
N20003328,67.7,58.2,modelled
N20003330,44.0,44.2,modelled
N20003332,85.1,68.5,modelled
N20003334,75.1,62.6,modelled
N20003336,90.6,71.7,modelled
N20003338,60.1,53.7,modelled
N20003340,50.0,47.8,modelled
N20003341,78.7,64.7,modelled
N20003342,92.9,73.1,modelled
N20003343,75.2,62.6,modelled
N20003344,93.0,73.2,modelled
N20003345,95.0,74.3,modelled
N20003347,14.6,26.8,modelled
N20003349,34.2,38.4,modelled
N20003351,19.9,30.0,modelled
N20003352,41.0,42.4,modelled
N20003353,23.9,32.3,modelled
N20003354,23.1,31.9,modelled
N20003355,34.2,38.4,modelled
N20003357,60.2,53.8,modelled
N20003358,9.8,24.0,modelled
N20003360,21.8,31.1,modelled
N20003361,27.1,34.2,modelled
N20003362,16.2,27.8,modelled
N20003363,12.1,25.4,modelled
N20003364,55.7,51.1,modelled
N20003365,36.5,39.8,modelled
N20003366,10.9,24.7,modelled
N20003369,4.8,21.1,modelled
N20003370,12.5,25.6,modelled
N20003371,21.0,30.6,modelled
N20003372,31.1,36.6,modelled
N20003373,38.5,41.0,modelled
N20003374,28.7,35.2,modelled
N20003375,29.8,35.8,modelled
N20003378,34.3,38.5,modelled
N20003379,59.5,53.4,modelled
N20003380,70.4,59.8,modelled
N20003381,39.8,41.7,modelled
N20003382,36.0,39.5,modelled
N20003383,54.4,50.4,modelled
N20003384,70.3,59.8,modelled
N20003385,48.6,46.9,modelled
N20003386,33.8,38.2,modelled
N20003387,35.9,39.4,modelled
N20003388,70.5,59.9,modelled
N20003389,40.4,42.1,modelled
N20003390,71.5,60.5,modelled
N20003391,72.0,60.8,modelled
N20003393,68.2,58.5,modelled
N20003394,86.0,69.0,modelled
N20003395,56.2,51.4,modelled
N20003396,71.7,60.6,modelled
N20003397,61.8,54.7,modelled
N20003398,81.8,66.5,modelled
N20003399,85.8,68.9,modelled
N20003400,86.7,69.4,modelled
N20003401,76.1,63.2,modelled
N20003402,83.7,67.7,modelled
N20003403,75.0,62.5,modelled
N20003404,59.8,53.5,modelled
N20003405,91.2,72.1,modelled
N20003406,75.4,62.8,modelled
N20003407,83.1,67.3,modelled
N20003408,72.4,61.0,modelled
N20003409,88.7,70.6,modelled
N20003410,83.2,67.4,modelled
N20003411,81.7,66.5,modelled
N20003412,89.1,70.9,modelled
N20003414,80.0,65.5,modelled
N20003415,83.8,67.7,modelled
N20003417,88.1,70.3,modelled
N20003419,90.5,71.7,modelled
N20003420,80.4,65.7,modelled
N20003421,94.3,73.9,modelled
N20003422,77.0,63.7,modelled
N20003423,84.7,68.3,modelled
N20003424,69.5,59.3,modelled
N20003425,90.2,71.5,modelled
N20003428,87.6,70.0,modelled
N20003429,72.7,61.2,modelled
N20003430,86.7,69.4,modelled
N20003431,85.0,68.4,modelled
N20003432,6.8,22.2,modelled
N20003433,5.2,21.3,modelled
N20003434,5.4,21.4,modelled
N20003435,2.8,19.9,modelled
N20003436,6.9,22.3,modelled
N20003437,5.7,21.6,modelled
N20003438,3.4,20.2,modelled
N20003439,4.8,21.1,modelled
N20003440,9.0,23.5,modelled
N20003441,4.9,21.1,modelled
N20003442,5.1,21.2,modelled
N20003443,9.1,23.6,modelled
N20003444,10.3,24.3,modelled
N20003445,6.8,22.2,modelled
N20003446,7.2,22.5,modelled
N20003447,4.6,20.9,modelled
N20003448,4.9,21.1,modelled
N20003449,12.6,25.7,modelled
N20003450,8.7,23.4,modelled
N20003451,9.2,23.7,modelled
N20003452,4.7,21.0,modelled
N20003453,6.5,22.1,modelled
N20003454,6.8,22.2,modelled
N20003455,13.1,26.0,modelled
N20003456,5.9,21.7,modelled
N20003457,3.9,20.5,modelled
N20003458,5.2,21.3,modelled
N20003459,5.2,21.3,modelled
N20003460,5.6,21.5,modelled
N20003461,5.4,21.4,modelled
N20003462,5.8,21.6,modelled
N20003463,5.8,21.6,modelled
N20003464,7.4,22.6,modelled
N20003465,12.4,25.5,modelled
N20003466,6.1,21.8,modelled
N20003467,5.8,21.6,modelled
N20003468,14.5,26.8,modelled
N20003469,8.6,23.3,modelled
N20003471,25.6,33.3,modelled
N20003473,7.4,22.6,modelled
N20003475,6.3,21.9,modelled
N20003476,9.5,23.8,modelled
N20003478,5.7,21.6,modelled
N20003479,5.6,21.5,modelled
N20003480,5.9,21.7,modelled
N20003481,6.7,22.2,modelled
N20003482,15.0,27.1,modelled
N20003483,7.5,22.6,modelled
N20003484,5.2,21.3,modelled
N20003485,9.0,23.5,modelled
N20003486,10.3,24.3,modelled
N20003487,7.6,22.7,modelled
N20003488,8.0,22.9,modelled
N20003489,9.9,24.1,modelled
N20003490,8.3,23.1,modelled
N20003491,8.4,23.2,modelled
N20003492,8.2,23.1,modelled
N20003493,10.3,24.3,modelled
N20003494,8.7,23.4,modelled
N20003495,12.7,25.7,modelled
N20003496,9.8,24.0,modelled
N20003497,4.6,20.9,modelled
N20003498,13.0,25.9,modelled
N20003499,17.7,28.7,modelled
N20003500,18.2,29.0,modelled
N20003501,8.7,23.4,modelled
N20003502,10.6,24.5,modelled
N20003503,22.5,31.5,modelled
N20003504,17.6,28.6,modelled
N20003505,9.3,23.7,modelled
N20003506,10.2,24.2,modelled
N20003508,9.6,23.9,modelled
N20003509,7.7,22.8,modelled
N20003510,12.3,25.5,modelled
N20003511,8.9,23.5,modelled
N20003512,7.4,22.6,modelled
N20003513,11.8,25.2,modelled
N20003514,7.9,22.9,modelled
N20003515,5.1,21.2,modelled
N20003516,8.7,23.4,modelled
N20003517,6.4,22.0,modelled
N20003518,13.7,26.3,modelled
N20003519,9.4,23.8,modelled
N20003520,6.1,21.8,modelled
N20003521,9.4,23.8,modelled
N20003522,12.0,25.3,modelled
N20003523,5.1,21.2,modelled
N20003524,10.1,24.2,modelled
N20003525,10.0,24.1,modelled
N20003526,9.2,23.7,modelled
N20003527,8.1,23.0,modelled
N20003528,5.4,21.4,modelled
N20003529,16.5,28.0,modelled
N20003530,3.5,20.3,modelled
N20003531,8.2,23.1,modelled
N20003532,6.9,22.3,modelled
N20003533,5.3,21.3,modelled
N20003534,7.3,22.5,modelled
N20003535,7.9,22.9,modelled
N20003536,5.5,21.5,modelled
N20003537,14.7,26.9,modelled
N20003538,15.6,27.4,modelled
N20003539,25.0,33.0,modelled
N20003540,15.4,27.3,modelled
N20003541,7.9,22.9,modelled
N20003542,8.1,23.0,modelled
N20003543,10.5,24.4,modelled
N20003544,21.9,31.2,modelled
N20003545,18.9,29.4,modelled
N20003546,13.8,26.4,modelled
N20003547,16.3,27.8,modelled
N20003548,19.7,29.9,modelled
N20003549,24.9,32.9,modelled
N20003550,23.0,31.8,modelled
N20003551,23.5,32.1,modelled
N20003552,25.3,33.2,modelled
N20003553,30.3,36.1,modelled
N20003554,11.8,25.2,modelled
N20003555,20.0,30.0,modelled
N20003556,14.4,26.7,modelled
N20003557,12.5,25.6,modelled
N20003558,27.6,34.5,modelled
N20003559,31.1,36.6,modelled
N20003560,24.9,32.9,modelled
N20003561,35.5,39.2,modelled
N20003562,8.7,23.4,modelled
N20003563,29.7,35.8,modelled
N20003564,27.5,34.5,modelled
N20003565,27.3,34.3,modelled
N20003566,28.9,35.3,modelled
N20003567,29.3,35.5,modelled
N20003568,6.6,22.1,modelled
N20003569,12.9,25.8,modelled
N20003570,27.9,34.7,modelled
N20003571,21.9,31.2,modelled
N20003572,5.3,21.3,modelled
N20003573,25.8,33.5,modelled
N20003574,27.0,34.2,modelled
N20003575,25.4,33.2,modelled
N20003576,19.6,29.8,modelled
N20003577,22.8,31.7,modelled
N20003578,15.5,27.4,modelled
N20003579,15.7,27.5,modelled
N20003580,21.5,30.9,modelled
N20003581,28.2,34.9,modelled
N20003582,17.8,28.7,modelled
N20003583,36.8,40.0,modelled
N20003585,14.4,26.7,modelled
N20003586,32.6,37.5,modelled
N20003587,14.5,26.8,modelled
N20003588,14.6,26.8,modelled
N20003589,17.5,28.6,modelled
N20003590,25.9,33.5,modelled
N20003591,16.5,28.0,modelled
N20003592,16.9,28.2,modelled
N20003593,18.4,29.1,modelled
N20003594,12.2,25.4,modelled
N20003595,13.5,26.2,modelled
N20003596,15.0,27.1,modelled
N20003597,21.4,30.9,modelled
N20003598,12.9,25.8,modelled
N20003599,18.5,29.1,modelled
N20003600,14.1,26.5,modelled
N20003601,16.1,27.7,modelled
N20003602,17.8,28.7,modelled
N20003603,13.4,26.1,modelled
N20003605,15.0,27.1,modelled
N20003606,15.0,27.1,modelled
N20003607,3.9,20.5,modelled
N20003608,7.2,22.5,modelled
N20003609,3.1,20.0,modelled
N20003610,14.1,26.5,modelled
N20003611,12.0,25.3,modelled
N20003613,12.1,25.4,modelled
N20003615,11.1,24.8,modelled
N20003616,6.4,22.0,modelled
N20003617,8.4,23.2,modelled
N20003618,5.4,21.4,modelled
N20003619,15.8,27.6,modelled
N20003620,15.2,27.2,modelled
N20003622,10.0,24.1,modelled
N20003623,13.0,25.9,modelled
N20003624,20.5,30.3,modelled
N20003625,9.4,23.8,modelled
N20003626,14.7,26.9,modelled
N20003627,12.1,25.4,modelled
N20003628,21.6,31.0,modelled
N20003629,14.2,26.6,modelled
N20003631,19.2,29.6,modelled
N20003632,23.1,31.9,modelled
N20003634,11.4,25.0,modelled
N20003635,11.7,25.1,modelled
N20003636,18.4,29.1,modelled
N20003637,15.8,27.6,modelled
N20003638,13.9,26.4,modelled
N20003639,10.1,24.2,modelled
N20003640,28.5,35.1,modelled
N20003641,15.6,27.4,modelled
N20003642,27.6,34.5,modelled
N20003643,9.3,23.7,modelled
N20003644,13.1,26.0,modelled
N20003645,11.5,25.0,modelled
N20003646,7.4,22.6,modelled
N20003647,16.6,28.0,modelled
N20003648,10.8,24.6,modelled
N20003649,17.4,28.5,modelled
N20003650,9.9,24.1,modelled
N20003652,13.9,26.4,modelled
N20003653,10.5,24.4,modelled
N20003654,11.1,24.8,modelled
N20003655,9.2,23.7,modelled
N20003656,8.4,23.2,modelled
N20003657,10.4,24.4,modelled
N20003658,8.1,23.0,modelled
N20003660,7.1,22.4,modelled
N20003661,10.7,24.5,modelled
N20003662,6.4,22.0,modelled
N20003663,14.2,26.6,modelled
N20003664,6.2,21.9,modelled
N20003665,9.5,23.8,modelled
N20003666,5.0,21.2,modelled
N20003667,9.6,23.9,modelled
N20003668,6.2,21.9,modelled
N20003669,11.5,25.0,modelled
N20003670,9.1,23.6,modelled
N20003671,13.3,26.1,modelled
N20003672,9.2,23.7,modelled
N20003673,8.1,23.0,modelled
N20003675,8.7,23.4,modelled
N20003676,12.1,25.4,modelled
N20003677,8.4,23.2,modelled
N20003678,11.9,25.2,modelled
N20003680,8.7,23.4,modelled
N20003682,7.0,22.4,modelled
N20003683,7.4,22.6,modelled
N20003684,8.4,23.2,modelled
N20003686,12.6,25.7,modelled
N20003687,9.0,23.5,modelled
N20003688,5.0,21.2,modelled
N20003689,9.3,23.7,modelled
N20003690,6.7,22.2,modelled
N20003691,8.1,23.0,modelled
N20003692,5.3,21.3,modelled
N20003694,9.9,24.1,modelled
N20003695,11.3,24.9,modelled
N20003696,10.6,24.5,modelled
N20003697,9.2,23.7,modelled
N20003698,9.3,23.7,modelled
N20003699,12.5,25.6,modelled
N20003700,8.9,23.5,modelled
N20003701,12.0,25.3,modelled
N20003703,11.3,24.9,modelled
N20003704,5.6,21.5,modelled
N20003705,10.4,24.4,modelled
N20003706,9.3,23.7,modelled
N20003707,9.1,23.6,modelled
N20003708,12.3,25.5,modelled
N20003709,11.5,25.0,modelled
N20003710,15.3,27.3,modelled
N20003711,9.5,23.8,modelled
N20003712,10.2,24.2,modelled
N20003714,5.5,21.5,modelled
N20003715,7.8,22.8,modelled
N20003716,9.9,24.1,modelled
N20003717,11.4,25.0,modelled
N20003718,9.9,24.1,modelled
N20003719,12.8,25.8,modelled
N20003720,4.6,20.9,modelled
N20003721,8.0,22.9,modelled
N20003723,3.6,20.3,modelled
N20003724,5.1,21.2,modelled
N20003725,5.7,21.6,modelled
N20003726,4.7,21.0,modelled
N20003728,5.7,21.6,modelled
N20003729,7.4,22.6,modelled
N20003730,5.0,21.2,modelled
N20003731,6.2,21.9,modelled
N20003732,6.1,21.8,modelled
N20003735,2.6,19.8,modelled
N20003737,4.2,20.7,modelled
N20003738,6.0,21.8,modelled
N20003739,9.4,23.8,modelled
N20003740,4.2,20.7,modelled
N20003741,3.2,20.1,modelled
N20003742,4.6,20.9,modelled
N20003743,5.9,21.7,modelled
N20003744,10.0,24.1,modelled
N20003745,1.7,19.2,modelled
N20003746,6.6,22.1,modelled
N20003747,5.7,21.6,modelled
N20003749,5.6,21.5,modelled
N20003750,2.9,19.9,modelled
N20003751,1.2,18.9,modelled
N20003752,6.1,21.8,modelled
N20003753,6.2,21.9,modelled
N20003754,5.4,21.4,modelled
N20003755,10.6,24.5,modelled
N20003756,49.8,47.6,modelled
N20003757,7.4,22.6,modelled
N20003758,5.1,21.2,modelled
N20003759,63.5,55.7,modelled
N20003761,25.0,33.0,modelled
N20003762,4.1,20.6,modelled
N20003764,0.9,18.7,modelled
N20003766,5.1,21.2,modelled
N20003767,17.1,28.3,modelled
N20003768,5.1,21.2,modelled
N20003769,33.0,37.7,modelled
N20003770,20.5,30.3,modelled
N20003771,48.6,46.9,modelled
N20003772,31.4,36.8,modelled
N20003773,64.6,56.4,modelled
N20003774,56.7,51.7,modelled
N20003776,90.0,71.4,modelled
N20003777,88.4,70.4,modelled
N20003779,77.5,64.0,modelled
N20003780,60.3,53.8,modelled
