party,candidacies,bodies,suggested_action
Independent,2827,"dail-eireann:1381,local-government:1201,ireland-european:124,northern-ireland-assembly:60,house-of-commons-of-the-united-kingdom:24,ireland-president:19,parliament-of-northern-ireland:18",independent — set per candidacy in alignment_overrides.csv
Fianna Fáil,2209,"dail-eireann:2117,ireland-european:84,ireland-president:7,parliament-of-northern-ireland:1",
Fine Gael,1594,"dail-eireann:1510,ireland-european:77,ireland-president:7",
Yes,1207,"ireland-referendum:1196,northern-ireland-referendum:11",
No,1207,"ireland-referendum:1196,northern-ireland-referendum:11",
Irish Labour,808,"dail-eireann:753,ireland-european:44,parliament-of-northern-ireland:10,ireland-president:1",
Green,480,"dail-eireann:240,northern-ireland-assembly:82,local-government:77,house-of-commons-of-the-united-kingdom:33,ireland-european:24,northern-ireland-forum-for-political-dialogue:19,european-parliament:5",
Cumann na nGaedheal,477,dail-eireann:477,
Conservative,231,"local-government:104,house-of-commons-of-the-united-kingdom:59,northern-ireland-assembly:47,northern-ireland-forum-for-political-dialogue:17,european-parliament:4",
Workers' Party,222,"house-of-commons-of-the-united-kingdom:81,northern-ireland-assembly:55,dail-eireann:29,local-government:20,northern-ireland-forum-for-political-dialogue:19,ireland-european:13,european-parliament:5",
Republican Clubs,201,"local-government:145,house-of-commons-of-the-united-kingdom:29,northern-ireland-constitutional-convention:17,northern-ireland-assembly:10",republican-adjacent but a distinct party from Sinn Féin
NI Labour,199,"parliament-of-northern-ireland:120,house-of-commons-of-the-united-kingdom:57,northern-ireland-assembly:16,northern-ireland-constitutional-convention:6",
Labour Party (Ireland),178,dail-eireann:178,
Independent Unionist,174,"parliament-of-northern-ireland:69,northern-ireland-assembly:59,house-of-commons-of-the-united-kingdom:38,northern-ireland-constitutional-convention:6,dail-eireann:2",independent — set per candidacy in alignment_overrides.csv
Clann na Poblachta,160,dail-eireann:160,
Workers Party,130,local-government:130,
Farmers,112,dail-eireann:112,
Republican,90,"dail-eireann:84,parliament-of-northern-ireland:6",republican-adjacent but a distinct party from Sinn Féin
Clann na Talmhan,89,dail-eireann:89,
Northern Ireland Labour Party,89,local-government:89,
Solidarity-PBP,86,"dail-eireann:79,ireland-european:7",PBP-adjacent; separate registration from PBP
UKIP,81,"local-government:46,northern-ireland-assembly:21,house-of-commons-of-the-united-kingdom:12,european-parliament:2",
Natural Law,78,"house-of-commons-of-the-united-kingdom:29,northern-ireland-forum-for-political-dialogue:19,northern-ireland-assembly:18,ireland-european:8,european-parliament:4",
Irish Independence Party,75,local-government:75,
Independent Other,69,"northern-ireland-assembly:37,house-of-commons-of-the-united-kingdom:26,european-parliament:6",independent — set per candidacy in alignment_overrides.csv
Ulster Democratic Party,67,"local-government:35,northern-ireland-forum-for-political-dialogue:19,northern-ireland-assembly:11,house-of-commons-of-the-united-kingdom:2",
Pro-Treaty Sinn Féin,66,dail-eireann:66,republican-adjacent but a distinct party from Sinn Féin
Social Democrats,66,"dail-eireann:62,ireland-european:4",
Nationalist Party,59,dail-eireann:59,nationalist-adjacent; check body and era
Progressive Democrats,58,"dail-eireann:50,ireland-european:8",
Green / Ecology,58,local-government:58,
Anti-Treaty Sinn Féin,57,dail-eireann:57,republican-adjacent but a distinct party from Sinn Féin
NI21,49,"local-government:48,european-parliament:1",
Comhar Criostai / Christian Solidarity,42,"dail-eireann:40,ireland-european:2",
Non-party,41,dail-eireann:41,
Ulster Liberal,40,"house-of-commons-of-the-united-kingdom:19,parliament-of-northern-ireland:17,northern-ireland-assembly:3,european-parliament:1",
Labour Coalition,39,"local-government:20,northern-ireland-forum-for-political-dialogue:19",
Independent Nationalist,38,"northern-ireland-assembly:18,house-of-commons-of-the-united-kingdom:9,parliament-of-northern-ireland:7,dail-eireann:3,european-parliament:1",independent — set per candidacy in alignment_overrides.csv
Renua,38,"dail-eireann:37,ireland-european:1",
NI Women's Coalition,38,"northern-ireland-forum-for-political-dialogue:19,northern-ireland-assembly:15,house-of-commons-of-the-united-kingdom:4",
Unity (Northern Ireland),33,local-government:33,
Independent Ireland,31,"dail-eireann:28,ireland-european:3","registered party in the Republic, not an unaffiliated candidate"
Irish Freedom Party,30,"dail-eireann:27,ireland-european:3",
Northern Ireland Women's Coalition,29,local-government:29,
National Party,28,"dail-eireann:23,ireland-european:5",
Ulster Independence Movement,26,"northern-ireland-forum-for-political-dialogue:19,local-government:3,northern-ireland-assembly:2,european-parliament:1,house-of-commons-of-the-united-kingdom:1",
Farmers' Party (Ireland),25,dail-eireann:25,
Direct Democracy Ireland,24,"dail-eireann:18,ireland-european:6",
The Irish People,24,"dail-eireann:21,ireland-european:3",
Socialist Party,24,"local-government:12,northern-ireland-assembly:12",
Communist Party of Ireland,23,"local-government:13,northern-ireland-assembly:3,northern-ireland-constitutional-convention:3,northern-ireland-forum-for-political-dialogue:3,dail-eireann:1",
Democratic Left,23,"northern-ireland-forum-for-political-dialogue:19,house-of-commons-of-the-united-kingdom:2,ireland-european:2",
Socialist,22,"dail-eireann:18,ireland-european:4",
Independent/New Vision,20,dail-eireann:20,independent — set per candidacy in alignment_overrides.csv
Independent Alliance,20,dail-eireann:20,"registered party in the Republic, not an unaffiliated candidate"
Independent Labour,19,"parliament-of-northern-ireland:16,dail-eireann:3","registered party in the Republic, not an unaffiliated candidate"
Independent (Alan Chambers),19,northern-ireland-forum-for-political-dialogue:19,independent — set per candidacy in alignment_overrides.csv
National Centre Party,18,dail-eireann:18,
UCUNF,18,house-of-commons-of-the-united-kingdom:18,
Leave,18,northern-ireland-referendum:18,
Remain,18,northern-ireland-referendum:18,
Labour Party of Northern Ireland,17,"northern-ireland-assembly:10,local-government:6,european-parliament:1",
Vote For Yourself / Rainbow Dream Ticket / Make Politicians History,17,"house-of-commons-of-the-united-kingdom:10,northern-ireland-assembly:7",
Independents 4 Change,16,"dail-eireann:12,ireland-european:4","registered party in the Republic, not an unaffiliated candidate"
National League Party,15,dail-eireann:15,
IRSP,15,"local-government:13,northern-ireland-assembly:2",
Anti-Austerity Alliance,13,dail-eireann:13,
National Democratic Party,13,"parliament-of-northern-ireland:11,house-of-commons-of-the-united-kingdom:2",
CISTA,13,"northern-ireland-assembly:7,house-of-commons-of-the-united-kingdom:5,local-government:1",
Cross-Community Labour Alternative,13,"northern-ireland-assembly:8,local-government:4,house-of-commons-of-the-united-kingdom:1",
Republican Labour,12,"parliament-of-northern-ireland:10,house-of-commons-of-the-united-kingdom:1,northern-ireland-assembly:1",republican-adjacent but a distinct party from Sinn Féin
Republican Labour Party,12,local-government:12,republican-adjacent but a distinct party from Sinn Féin
Democratic Left (Ireland),11,local-government:11,
Lab.,10,dail-eireann:10,
G.P.,10,dail-eireann:10,
Non party/Fis Nua,10,"dail-eireann:7,ireland-european:3",
Socialist Environmental Alliance,10,"local-government:5,northern-ireland-assembly:3,european-parliament:1,house-of-commons-of-the-united-kingdom:1",
Democratic Partnership,10,northern-ireland-forum-for-political-dialogue:10,
Progressive Unionist,10,parliament-of-northern-ireland:10,unionist-adjacent — not in the supplied list; confirm before labelling
BNP,9,"local-government:6,northern-ireland-assembly:3",
People's Democracy,9,"parliament-of-northern-ireland:7,northern-ireland-assembly:2",
National Centre Party (Ireland),8,dail-eireann:8,
Independent Health Alliance,8,dail-eireann:8,"registered party in the Republic, not an unaffiliated candidate"
Non party/Fathers Rights Responsibilities,8,dail-eireann:8,
Unity,8,house-of-commons-of-the-united-kingdom:8,
Northern Ireland Labour Representation Committee,8,northern-ireland-assembly:8,
Socialist Workers,7,dail-eireann:7,
Labour and Trade Union Group,7,"house-of-commons-of-the-united-kingdom:4,local-government:3",
Independent Farmer,6,dail-eireann:6,independent — set per candidacy in alignment_overrides.csv
Ailtirí na hAiséirghe,6,dail-eireann:6,
Liberty Republic,6,dail-eireann:6,
Ir Lab,6,house-of-commons-of-the-united-kingdom:6,
Anti H-Block,6,"local-government:4,house-of-commons-of-the-united-kingdom:2",
Sinn Féin Workers',6,ireland-european:6,republican-adjacent but a distinct party from Sinn Féin
Ulster's Independent Voice,6,"northern-ireland-forum-for-political-dialogue:5,northern-ireland-assembly:1",
Republican Sinn Féin,6,northern-ireland-assembly:6,republican-adjacent but a distinct party from Sinn Féin
Independent (Thomas O'Brien),6,northern-ireland-forum-for-political-dialogue:6,independent — set per candidacy in alignment_overrides.csv
Independent (Oliver McMuIlan),6,northern-ireland-forum-for-political-dialogue:6,independent — set per candidacy in alignment_overrides.csv
Ind. Unionist Party,6,parliament-of-northern-ireland:6,unionist-adjacent — not in the supplied list; confirm before labelling
Commonwealth Labour Party,6,parliament-of-northern-ireland:6,
Communist (NI),6,parliament-of-northern-ireland:6,
National League,5,"dail-eireann:4,parliament-of-northern-ireland:1",
National Labour Party (Ireland),5,dail-eireann:5,
Ireland First,5,"ireland-european:3,dail-eireann:2",
Labour '87,5,"local-government:4,european-parliament:1",
Ulster Liberal Party,5,local-government:5,
Anti-Partitionist,5,parliament-of-northern-ireland:5,
Clann Éireann,4,dail-eireann:4,
Independent Fianna Fáil,4,"ireland-european:3,dail-eireann:1",independent — set per candidacy in alignment_overrides.csv
Non party/An Chomhdhail Phobail | People's Convention,4,dail-eireann:4,
Ecology,4,"northern-ireland-assembly:2,european-parliament:1,house-of-commons-of-the-united-kingdom:1",
IIP,4,house-of-commons-of-the-united-kingdom:4,
D.U. U.U.U.C.,4,local-government:4,
Natural Law Party,4,local-government:4,
Éirígí,4,local-government:4,
Democrats and Veterans,4,local-government:4,
Socialist Republican Party,4,parliament-of-northern-ireland:4,republican-adjacent but a distinct party from Sinn Féin
Irish Worker League,3,dail-eireann:3,
LAB.,3,dail-eireann:3,
Irish Democratic Party,3,dail-eireann:3,
Rabharta,3,dail-eireann:3,
Centre Party of Ireland,3,dail-eireann:3,
Party for Animal Welfare,3,dail-eireann:3,
United Labour Party,3,"house-of-commons-of-the-united-kingdom:2,european-parliament:1",
Ulster Third Way,3,"european-parliament:1,house-of-commons-of-the-united-kingdom:1,northern-ireland-assembly:1",
Ind Nat,3,house-of-commons-of-the-united-kingdom:3,
Ind Lab,3,house-of-commons-of-the-united-kingdom:3,
Communist Party of Ireland (Marxist-Leninist),3,house-of-commons-of-the-united-kingdom:3,
Libertas,3,ireland-european:3,
Irish Labour Party,3,local-government:3,
People's Democracy (Ireland),3,local-government:3,
Belfast Labour,3,parliament-of-northern-ireland:3,
Local Option,3,parliament-of-northern-ireland:3,
Irish Republican,3,parliament-of-northern-ireland:3,republican-adjacent but a distinct party from Sinn Féin
Independent Republican,3,parliament-of-northern-ireland:3,independent — set per candidacy in alignment_overrides.csv
Independent Irish Labour,3,parliament-of-northern-ireland:3,independent — set per candidacy in alignment_overrides.csv
Ind. Labour Group,3,parliament-of-northern-ireland:3,
Labour Unionist,2,dail-eireann:2,unionist-adjacent — not in the supplied list; confirm before labelling
Irish Unionist,2,dail-eireann:2,unionist-adjacent — not in the supplied list; confirm before labelling
Córas na Poblachta,2,dail-eireann:2,
Irish Workers' Party,2,dail-eireann:2,
P.D.,2,dail-eireann:2,
W.P.,2,dail-eireann:2,
United Left Alliance,2,dail-eireann:2,
S.P.,2,dail-eireann:2,
A.A.A.,2,dail-eireann:2,
P.B.P.A.,2,dail-eireann:2,
Independent - Northern Ireland independence,2,"european-parliament:1,house-of-commons-of-the-united-kingdom:1",independent — set per candidacy in alignment_overrides.csv
Rep Lab,2,house-of-commons-of-the-united-kingdom:2,
An Rabharta Glas – Green Left,2,ireland-european:2,
National Front (UK),2,local-government:2,
Republican Network for Unity,2,local-government:2,republican-adjacent but a distinct party from Sinn Féin
Procapitalism,2,northern-ireland-assembly:2,
Ulster Christian Democratic Party,2,northern-ireland-forum-for-political-dialogue:2,
Independent (Arthur Templeton),2,northern-ireland-forum-for-political-dialogue:2,independent — set per candidacy in alignment_overrides.csv
Town Tenants' Association,2,parliament-of-northern-ireland:2,
Irish Parliamentary,1,dail-eireann:1,
Joint Panel Nomination (Pro/Anti Treaty),1,dail-eireann:1,
National Labour,1,dail-eireann:1,
Irish Workers' League,1,dail-eireann:1,
Independent Fine Gael,1,dail-eireann:1,independent — set per candidacy in alignment_overrides.csv
NON-P,1,dail-eireann:1,
Immigration Control Platform,1,dail-eireann:1,
Irish Socialist Network,1,dail-eireann:1,
C.S.P.,1,dail-eireann:1,
South Kerry Independent Alliance,1,dail-eireann:1,"registered party in the Republic, not an unaffiliated candidate"
Fís Nua,1,dail-eireann:1,
D.D.I.,1,dail-eireann:1,
F.N.,1,dail-eireann:1,
NON-P.,1,dail-eireann:1,
R.I.,1,dail-eireann:1,
Irish Postmasters' Union,1,dail-eireann:1,
United People,1,dail-eireann:1,
S.P.B.P.,1,dail-eireann:1,
A.,1,dail-eireann:1,
T.N.P.A.P.N.,1,dail-eireann:1,
R.I,1,dail-eireann:1,
100% Redress,1,dail-eireann:1,
Right to Change,1,dail-eireann:1,
Ind Rep,1,house-of-commons-of-the-united-kingdom:1,
CWLP,1,house-of-commons-of-the-united-kingdom:1,
Volunteer Political Party,1,house-of-commons-of-the-united-kingdom:1,
Derry Labour and Trade Union Party,1,house-of-commons-of-the-united-kingdom:1,
SDP,1,house-of-commons-of-the-united-kingdom:1,
National Democrats (UK),1,house-of-commons-of-the-united-kingdom:1,
Democratic Socialist,1,ireland-european:1,
Identity Ireland,1,ireland-european:1,
Ul Un U.U.U.C.,1,local-government:1,
Pensioner,1,local-government:1,
Third Way (UK organisation),1,local-government:1,
Ulster Constitution Party,1,northern-ireland-assembly:1,
National Front,1,northern-ireland-assembly:1,
Newtownabbey Labour,1,northern-ireland-assembly:1,
Northern Ireland First,1,northern-ireland-assembly:1,
South Belfast Unionists,1,northern-ireland-assembly:1,unionist-adjacent — not in the supplied list; confirm before labelling
Democracy First,1,northern-ireland-assembly:1,
Animal Welfare Party,1,northern-ireland-assembly:1,
Resume NI,1,northern-ireland-assembly:1,
Heritage Party,1,northern-ireland-assembly:1,
Unbought Tenants,1,parliament-of-northern-ireland:1,
Town Tenants Association,1,parliament-of-northern-ireland:1,
Ulster Democratic,1,parliament-of-northern-ireland:1,
Ulster Protestant League,1,parliament-of-northern-ireland:1,
Independent Progressive Unionist,1,parliament-of-northern-ireland:1,independent — set per candidacy in alignment_overrides.csv
Federation of Labour,1,parliament-of-northern-ireland:1,
Ulster Protestant Action,1,parliament-of-northern-ireland:1,
World Socialist Party,1,parliament-of-northern-ireland:1,
New Ireland Movement,1,parliament-of-northern-ireland:1,
Unofficial Unionist,1,parliament-of-northern-ireland:1,unionist-adjacent — not in the supplied list; confirm before labelling
People's Progressive Party,1,parliament-of-northern-ireland:1,
