patchId,sourceRowId,electionId,tableKind,patchKind,targetPath,applyStatus,approvalBlocker,availableFields,missingRequestedFields,recommendedNextStep
dail-patch-election-source-00010-general-election-2016-count-details-row-23,election-source-00010-general-election-2016-count-details:row:23,dail-eireann__2016-02-26,count-details,candidate-count-and-transfer-provenance,test/metadata/elections-test2/dail-eireann__2016-02-26.json#/results/37/candidates/11/counts/0,hold-pending-candidate-alias-approval,candidate-alias-review,[object Object],turnout; spoiled; electorate; gender,Apply only after the corresponding Dail remaining match recommendation is approved.
dail-patch-election-source-00010-general-election-2016-count-details-row-24,election-source-00010-general-election-2016-count-details:row:24,dail-eireann__2016-02-26,count-details,candidate-count-and-transfer-provenance,test/metadata/elections-test2/dail-eireann__2016-02-26.json#/results/37/candidates/11/counts/1,hold-pending-candidate-alias-approval,candidate-alias-review,[object Object],turnout; spoiled; electorate; gender,Apply only after the corresponding Dail remaining match recommendation is approved.
dail-patch-election-source-00010-general-election-2016-count-details-row-25,election-source-00010-general-election-2016-count-details:row:25,dail-eireann__2016-02-26,count-details,candidate-count-and-transfer-provenance,test/metadata/elections-test2/dail-eireann__2016-02-26.json#/results/37/candidates/11/counts/2,hold-pending-candidate-alias-approval,candidate-alias-review,[object Object],turnout; spoiled; electorate; gender,Apply only after the corresponding Dail remaining match recommendation is approved.
dail-patch-election-source-00010-general-election-2016-count-details-row-26,election-source-00010-general-election-2016-count-details:row:26,dail-eireann__2016-02-26,count-details,candidate-count-and-transfer-provenance,test/metadata/elections-test2/dail-eireann__2016-02-26.json#/results/37/candidates/11/counts/3,hold-pending-candidate-alias-approval,candidate-alias-review,[object Object],turnout; spoiled; electorate; gender,Apply only after the corresponding Dail remaining match recommendation is approved.
dail-patch-election-source-00010-general-election-2016-count-details-row-27,election-source-00010-general-election-2016-count-details:row:27,dail-eireann__2016-02-26,count-details,candidate-count-and-transfer-provenance,test/metadata/elections-test2/dail-eireann__2016-02-26.json#/results/37/candidates/11/counts/4,hold-pending-candidate-alias-approval,candidate-alias-review,[object Object],turnout; spoiled; electorate; gender,Apply only after the corresponding Dail remaining match recommendation is approved.
dail-patch-election-source-00010-general-election-2016-count-details-row-28,election-source-00010-general-election-2016-count-details:row:28,dail-eireann__2016-02-26,count-details,candidate-count-and-transfer-provenance,test/metadata/elections-test2/dail-eireann__2016-02-26.json#/results/37/candidates/11/counts/5,hold-pending-candidate-alias-approval,candidate-alias-review,[object Object],turnout; spoiled; electorate; gender,Apply only after the corresponding Dail remaining match recommendation is approved.
dail-patch-election-source-00010-general-election-2016-count-details-row-29,election-source-00010-general-election-2016-count-details:row:29,dail-eireann__2016-02-26,count-details,candidate-count-and-transfer-provenance,test/metadata/elections-test2/dail-eireann__2016-02-26.json#/results/37/candidates/11/counts/6,hold-pending-candidate-alias-approval,candidate-alias-review,[object Object],turnout; spoiled; electorate; gender,Apply only after the corresponding Dail remaining match recommendation is approved.
dail-patch-election-source-00010-general-election-2016-count-details-row-30,election-source-00010-general-election-2016-count-details:row:30,dail-eireann__2016-02-26,count-details,candidate-count-and-transfer-provenance,test/metadata/elections-test2/dail-eireann__2016-02-26.json#/results/37/candidates/11/counts/7,hold-pending-candidate-alias-approval,candidate-alias-review,[object Object],turnout; spoiled; electorate; gender,Apply only after the corresponding Dail remaining match recommendation is approved.
dail-patch-election-source-00010-general-election-2016-count-details-row-31,election-source-00010-general-election-2016-count-details:row:31,dail-eireann__2016-02-26,count-details,candidate-count-and-transfer-provenance,test/metadata/elections-test2/dail-eireann__2016-02-26.json#/results/37/candidates/11/counts/8,hold-pending-candidate-alias-approval,candidate-alias-review,[object Object],turnout; spoiled; electorate; gender,Apply only after the corresponding Dail remaining match recommendation is approved.
dail-patch-election-source-00010-general-election-2016-count-details-row-3742,election-source-00010-general-election-2016-count-details:row:3742,dail-eireann__2016-02-26,count-details,candidate-count-and-transfer-provenance,test/metadata/elections-test2/dail-eireann__2016-02-26.json#/results/36/candidates/7/counts/5,hold-pending-candidate-alias-approval,candidate-alias-review,[object Object],turnout; spoiled; electorate; gender,Apply only after the corresponding Dail remaining match recommendation is approved.
dail-patch-election-source-00010-general-election-2016-count-details-row-3743,election-source-00010-general-election-2016-count-details:row:3743,dail-eireann__2016-02-26,count-details,candidate-count-and-transfer-provenance,test/metadata/elections-test2/dail-eireann__2016-02-26.json#/results/36/candidates/7/counts/6,hold-pending-candidate-alias-approval,candidate-alias-review,[object Object],turnout; spoiled; electorate; gender,Apply only after the corresponding Dail remaining match recommendation is approved.
dail-patch-election-source-00010-general-election-2016-count-details-row-3744,election-source-00010-general-election-2016-count-details:row:3744,dail-eireann__2016-02-26,count-details,candidate-count-and-transfer-provenance,test/metadata/elections-test2/dail-eireann__2016-02-26.json#/results/36/candidates/7/counts/0,hold-pending-candidate-alias-approval,candidate-alias-review,[object Object],turnout; spoiled; electorate; gender,Apply only after the corresponding Dail remaining match recommendation is approved.
dail-patch-election-source-00010-general-election-2016-count-details-row-3745,election-source-00010-general-election-2016-count-details:row:3745,dail-eireann__2016-02-26,count-details,candidate-count-and-transfer-provenance,test/metadata/elections-test2/dail-eireann__2016-02-26.json#/results/36/candidates/7/counts/3,hold-pending-candidate-alias-approval,candidate-alias-review,[object Object],turnout; spoiled; electorate; gender,Apply only after the corresponding Dail remaining match recommendation is approved.
dail-patch-election-source-00010-general-election-2016-count-details-row-3746,election-source-00010-general-election-2016-count-details:row:3746,dail-eireann__2016-02-26,count-details,candidate-count-and-transfer-provenance,test/metadata/elections-test2/dail-eireann__2016-02-26.json#/results/36/candidates/7/counts/4,hold-pending-candidate-alias-approval,candidate-alias-review,[object Object],turnout; spoiled; electorate; gender,Apply only after the corresponding Dail remaining match recommendation is approved.
dail-patch-election-source-00010-general-election-2016-count-details-row-3747,election-source-00010-general-election-2016-count-details:row:3747,dail-eireann__2016-02-26,count-details,candidate-count-and-transfer-provenance,test/metadata/elections-test2/dail-eireann__2016-02-26.json#/results/36/candidates/7/counts/1,hold-pending-candidate-alias-approval,candidate-alias-review,[object Object],turnout; spoiled; electorate; gender,Apply only after the corresponding Dail remaining match recommendation is approved.
dail-patch-election-source-00010-general-election-2016-count-details-row-3748,election-source-00010-general-election-2016-count-details:row:3748,dail-eireann__2016-02-26,count-details,candidate-count-and-transfer-provenance,test/metadata/elections-test2/dail-eireann__2016-02-26.json#/results/36/candidates/7/counts/2,hold-pending-candidate-alias-approval,candidate-alias-review,[object Object],turnout; spoiled; electorate; gender,Apply only after the corresponding Dail remaining match recommendation is approved.
dail-patch-election-source-00010-general-election-2016-count-details-row-3986,election-source-00010-general-election-2016-count-details:row:3986,dail-eireann__2016-02-26,count-details,candidate-count-and-transfer-provenance,test/metadata/elections-test2/dail-eireann__2016-02-26.json#/results/20/candidates/8/counts/4,hold-pending-candidate-alias-approval,candidate-alias-review,[object Object],turnout; spoiled; electorate; gender,Apply only after the corresponding Dail remaining match recommendation is approved.
dail-patch-election-source-00010-general-election-2016-count-details-row-3987,election-source-00010-general-election-2016-count-details:row:3987,dail-eireann__2016-02-26,count-details,candidate-count-and-transfer-provenance,test/metadata/elections-test2/dail-eireann__2016-02-26.json#/results/20/candidates/8/counts/5,hold-pending-candidate-alias-approval,candidate-alias-review,[object Object],turnout; spoiled; electorate; gender,Apply only after the corresponding Dail remaining match recommendation is approved.
dail-patch-election-source-00010-general-election-2016-count-details-row-3988,election-source-00010-general-election-2016-count-details:row:3988,dail-eireann__2016-02-26,count-details,candidate-count-and-transfer-provenance,test/metadata/elections-test2/dail-eireann__2016-02-26.json#/results/20/candidates/8/counts/6,hold-pending-candidate-alias-approval,candidate-alias-review,[object Object],turnout; spoiled; electorate; gender,Apply only after the corresponding Dail remaining match recommendation is approved.
dail-patch-election-source-00010-general-election-2016-count-details-row-3989,election-source-00010-general-election-2016-count-details:row:3989,dail-eireann__2016-02-26,count-details,candidate-count-and-transfer-provenance,test/metadata/elections-test2/dail-eireann__2016-02-26.json#/results/20/candidates/8/counts/2,hold-pending-candidate-alias-approval,candidate-alias-review,[object Object],turnout; spoiled; electorate; gender,Apply only after the corresponding Dail remaining match recommendation is approved.
dail-patch-election-source-00010-general-election-2016-count-details-row-3990,election-source-00010-general-election-2016-count-details:row:3990,dail-eireann__2016-02-26,count-details,candidate-count-and-transfer-provenance,test/metadata/elections-test2/dail-eireann__2016-02-26.json#/results/20/candidates/8/counts/3,hold-pending-candidate-alias-approval,candidate-alias-review,[object Object],turnout; spoiled; electorate; gender,Apply only after the corresponding Dail remaining match recommendation is approved.
dail-patch-election-source-00010-general-election-2016-count-details-row-3991,election-source-00010-general-election-2016-count-details:row:3991,dail-eireann__2016-02-26,count-details,candidate-count-and-transfer-provenance,test/metadata/elections-test2/dail-eireann__2016-02-26.json#/results/20/candidates/8/counts/0,hold-pending-candidate-alias-approval,candidate-alias-review,[object Object],turnout; spoiled; electorate; gender,Apply only after the corresponding Dail remaining match recommendation is approved.
dail-patch-election-source-00010-general-election-2016-count-details-row-3992,election-source-00010-general-election-2016-count-details:row:3992,dail-eireann__2016-02-26,count-details,candidate-count-and-transfer-provenance,test/metadata/elections-test2/dail-eireann__2016-02-26.json#/results/20/candidates/8/counts/1,hold-pending-candidate-alias-approval,candidate-alias-review,[object Object],turnout; spoiled; electorate; gender,Apply only after the corresponding Dail remaining match recommendation is approved.
dail-patch-election-source-00010-general-election-2016-count-details-row-4008,election-source-00010-general-election-2016-count-details:row:4008,dail-eireann__2016-02-26,count-details,candidate-count-and-transfer-provenance,test/metadata/elections-test2/dail-eireann__2016-02-26.json#/results/8/candidates/15/counts/7,hold-pending-candidate-alias-approval,candidate-alias-review,[object Object],turnout; spoiled; electorate; gender,Apply only after the corresponding Dail remaining match recommendation is approved.
dail-patch-election-source-00010-general-election-2016-count-details-row-4009,election-source-00010-general-election-2016-count-details:row:4009,dail-eireann__2016-02-26,count-details,candidate-count-and-transfer-provenance,test/metadata/elections-test2/dail-eireann__2016-02-26.json#/results/8/candidates/15/counts/8,hold-pending-candidate-alias-approval,candidate-alias-review,[object Object],turnout; spoiled; electorate; gender,Apply only after the corresponding Dail remaining match recommendation is approved.
dail-patch-election-source-00010-general-election-2016-count-details-row-4010,election-source-00010-general-election-2016-count-details:row:4010,dail-eireann__2016-02-26,count-details,candidate-count-and-transfer-provenance,test/metadata/elections-test2/dail-eireann__2016-02-26.json#/results/8/candidates/15/counts/9,hold-pending-candidate-alias-approval,candidate-alias-review,[object Object],turnout; spoiled; electorate; gender,Apply only after the corresponding Dail remaining match recommendation is approved.
dail-patch-election-source-00010-general-election-2016-count-details-row-4011,election-source-00010-general-election-2016-count-details:row:4011,dail-eireann__2016-02-26,count-details,candidate-count-and-transfer-provenance,test/metadata/elections-test2/dail-eireann__2016-02-26.json#/results/8/candidates/15/counts/10,hold-pending-candidate-alias-approval,candidate-alias-review,[object Object],turnout; spoiled; electorate; gender,Apply only after the corresponding Dail remaining match recommendation is approved.
dail-patch-election-source-00010-general-election-2016-count-details-row-4012,election-source-00010-general-election-2016-count-details:row:4012,dail-eireann__2016-02-26,count-details,candidate-count-and-transfer-provenance,test/metadata/elections-test2/dail-eireann__2016-02-26.json#/results/8/candidates/15/counts/0,hold-pending-candidate-alias-approval,candidate-alias-review,[object Object],turnout; spoiled; electorate; gender,Apply only after the corresponding Dail remaining match recommendation is approved.
dail-patch-election-source-00010-general-election-2016-count-details-row-4013,election-source-00010-general-election-2016-count-details:row:4013,dail-eireann__2016-02-26,count-details,candidate-count-and-transfer-provenance,test/metadata/elections-test2/dail-eireann__2016-02-26.json#/results/8/candidates/15/counts/11,hold-pending-candidate-alias-approval,candidate-alias-review,[object Object],turnout; spoiled; electorate; gender,Apply only after the corresponding Dail remaining match recommendation is approved.
dail-patch-election-source-00010-general-election-2016-count-details-row-4014,election-source-00010-general-election-2016-count-details:row:4014,dail-eireann__2016-02-26,count-details,candidate-count-and-transfer-provenance,test/metadata/elections-test2/dail-eireann__2016-02-26.json#/results/8/candidates/15/counts/1,hold-pending-candidate-alias-approval,candidate-alias-review,[object Object],turnout; spoiled; electorate; gender,Apply only after the corresponding Dail remaining match recommendation is approved.
dail-patch-election-source-00010-general-election-2016-count-details-row-4015,election-source-00010-general-election-2016-count-details:row:4015,dail-eireann__2016-02-26,count-details,candidate-count-and-transfer-provenance,test/metadata/elections-test2/dail-eireann__2016-02-26.json#/results/8/candidates/15/counts/2,hold-pending-candidate-alias-approval,candidate-alias-review,[object Object],turnout; spoiled; electorate; gender,Apply only after the corresponding Dail remaining match recommendation is approved.
dail-patch-election-source-00010-general-election-2016-count-details-row-4016,election-source-00010-general-election-2016-count-details:row:4016,dail-eireann__2016-02-26,count-details,candidate-count-and-transfer-provenance,test/metadata/elections-test2/dail-eireann__2016-02-26.json#/results/8/candidates/15/counts/3,hold-pending-candidate-alias-approval,candidate-alias-review,[object Object],turnout; spoiled; electorate; gender,Apply only after the corresponding Dail remaining match recommendation is approved.
dail-patch-election-source-00010-general-election-2016-count-details-row-4017,election-source-00010-general-election-2016-count-details:row:4017,dail-eireann__2016-02-26,count-details,candidate-count-and-transfer-provenance,test/metadata/elections-test2/dail-eireann__2016-02-26.json#/results/8/candidates/15/counts/12,hold-pending-candidate-alias-approval,candidate-alias-review,[object Object],turnout; spoiled; electorate; gender,Apply only after the corresponding Dail remaining match recommendation is approved.
dail-patch-election-source-00010-general-election-2016-count-details-row-4018,election-source-00010-general-election-2016-count-details:row:4018,dail-eireann__2016-02-26,count-details,candidate-count-and-transfer-provenance,test/metadata/elections-test2/dail-eireann__2016-02-26.json#/results/8/candidates/15/counts/4,hold-pending-candidate-alias-approval,candidate-alias-review,[object Object],turnout; spoiled; electorate; gender,Apply only after the corresponding Dail remaining match recommendation is approved.
dail-patch-election-source-00010-general-election-2016-count-details-row-4019,election-source-00010-general-election-2016-count-details:row:4019,dail-eireann__2016-02-26,count-details,candidate-count-and-transfer-provenance,test/metadata/elections-test2/dail-eireann__2016-02-26.json#/results/8/candidates/15/counts/5,hold-pending-candidate-alias-approval,candidate-alias-review,[object Object],turnout; spoiled; electorate; gender,Apply only after the corresponding Dail remaining match recommendation is approved.
dail-patch-election-source-00010-general-election-2016-count-details-row-4020,election-source-00010-general-election-2016-count-details:row:4020,dail-eireann__2016-02-26,count-details,candidate-count-and-transfer-provenance,test/metadata/elections-test2/dail-eireann__2016-02-26.json#/results/8/candidates/15/counts/6,hold-pending-candidate-alias-approval,candidate-alias-review,[object Object],turnout; spoiled; electorate; gender,Apply only after the corresponding Dail remaining match recommendation is approved.
dail-patch-election-source-00010-general-election-2016-count-details-row-4108,election-source-00010-general-election-2016-count-details:row:4108,dail-eireann__2016-02-26,count-details,candidate-count-and-transfer-provenance,test/metadata/elections-test2/dail-eireann__2016-02-26.json#/results/1/candidates/1/counts/0,hold-pending-candidate-alias-approval,candidate-alias-review,[object Object],turnout; spoiled; electorate; gender,Apply only after the corresponding Dail remaining match recommendation is approved.
dail-patch-election-source-00010-general-election-2016-count-details-row-4109,election-source-00010-general-election-2016-count-details:row:4109,dail-eireann__2016-02-26,count-details,candidate-count-and-transfer-provenance,test/metadata/elections-test2/dail-eireann__2016-02-26.json#/results/1/candidates/1/counts/1,hold-pending-candidate-alias-approval,candidate-alias-review,[object Object],turnout; spoiled; electorate; gender,Apply only after the corresponding Dail remaining match recommendation is approved.
dail-patch-election-source-00010-general-election-2016-count-details-row-4110,election-source-00010-general-election-2016-count-details:row:4110,dail-eireann__2016-02-26,count-details,candidate-count-and-transfer-provenance,test/metadata/elections-test2/dail-eireann__2016-02-26.json#/results/1/candidates/1/counts/2,hold-pending-candidate-alias-approval,candidate-alias-review,[object Object],turnout; spoiled; electorate; gender,Apply only after the corresponding Dail remaining match recommendation is approved.
dail-patch-election-source-00010-general-election-2016-count-details-row-4111,election-source-00010-general-election-2016-count-details:row:4111,dail-eireann__2016-02-26,count-details,candidate-count-and-transfer-provenance,test/metadata/elections-test2/dail-eireann__2016-02-26.json#/results/1/candidates/1/counts/3,hold-pending-candidate-alias-approval,candidate-alias-review,[object Object],turnout; spoiled; electorate; gender,Apply only after the corresponding Dail remaining match recommendation is approved.
dail-patch-election-source-00010-general-election-2016-count-details-row-4112,election-source-00010-general-election-2016-count-details:row:4112,dail-eireann__2016-02-26,count-details,candidate-count-and-transfer-provenance,test/metadata/elections-test2/dail-eireann__2016-02-26.json#/results/1/candidates/1/counts/4,hold-pending-candidate-alias-approval,candidate-alias-review,[object Object],turnout; spoiled; electorate; gender,Apply only after the corresponding Dail remaining match recommendation is approved.
dail-patch-election-source-00010-general-election-2016-count-details-row-4113,election-source-00010-general-election-2016-count-details:row:4113,dail-eireann__2016-02-26,count-details,candidate-count-and-transfer-provenance,test/metadata/elections-test2/dail-eireann__2016-02-26.json#/results/1/candidates/1/counts/5,hold-pending-candidate-alias-approval,candidate-alias-review,[object Object],turnout; spoiled; electorate; gender,Apply only after the corresponding Dail remaining match recommendation is approved.
dail-patch-election-source-00010-general-election-2016-count-details-row-4114,election-source-00010-general-election-2016-count-details:row:4114,dail-eireann__2016-02-26,count-details,candidate-count-and-transfer-provenance,test/metadata/elections-test2/dail-eireann__2016-02-26.json#/results/1/candidates/1/counts/6,hold-pending-candidate-alias-approval,candidate-alias-review,[object Object],turnout; spoiled; electorate; gender,Apply only after the corresponding Dail remaining match recommendation is approved.
dail-patch-election-source-00010-general-election-2016-count-details-row-4115,election-source-00010-general-election-2016-count-details:row:4115,dail-eireann__2016-02-26,count-details,candidate-count-and-transfer-provenance,test/metadata/elections-test2/dail-eireann__2016-02-26.json#/results/1/candidates/1/counts/7,hold-pending-candidate-alias-approval,candidate-alias-review,[object Object],turnout; spoiled; electorate; gender,Apply only after the corresponding Dail remaining match recommendation is approved.
dail-patch-election-source-00010-general-election-2016-count-details-row-4116,election-source-00010-general-election-2016-count-details:row:4116,dail-eireann__2016-02-26,count-details,candidate-count-and-transfer-provenance,test/metadata/elections-test2/dail-eireann__2016-02-26.json#/results/1/candidates/1/counts/8,hold-pending-candidate-alias-approval,candidate-alias-review,[object Object],turnout; spoiled; electorate; gender,Apply only after the corresponding Dail remaining match recommendation is approved.
dail-patch-election-source-00010-general-election-2016-count-details-row-4117,election-source-00010-general-election-2016-count-details:row:4117,dail-eireann__2016-02-26,count-details,candidate-count-and-transfer-provenance,test/metadata/elections-test2/dail-eireann__2016-02-26.json#/results/1/candidates/1/counts/9,hold-pending-candidate-alias-approval,candidate-alias-review,[object Object],turnout; spoiled; electorate; gender,Apply only after the corresponding Dail remaining match recommendation is approved.
dail-patch-election-source-00010-general-election-2016-count-details-row-4118,election-source-00010-general-election-2016-count-details:row:4118,dail-eireann__2016-02-26,count-details,candidate-count-and-transfer-provenance,test/metadata/elections-test2/dail-eireann__2016-02-26.json#/results/21/candidates/0/counts/0,hold-pending-candidate-alias-approval,candidate-alias-review,[object Object],turnout; spoiled; electorate; gender,Apply only after the corresponding Dail remaining match recommendation is approved.
dail-patch-election-source-00010-general-election-2016-count-details-row-4119,election-source-00010-general-election-2016-count-details:row:4119,dail-eireann__2016-02-26,count-details,candidate-count-and-transfer-provenance,test/metadata/elections-test2/dail-eireann__2016-02-26.json#/results/21/candidates/0/counts/1,hold-pending-candidate-alias-approval,candidate-alias-review,[object Object],turnout; spoiled; electorate; gender,Apply only after the corresponding Dail remaining match recommendation is approved.
dail-patch-election-source-00010-general-election-2016-count-details-row-4120,election-source-00010-general-election-2016-count-details:row:4120,dail-eireann__2016-02-26,count-details,candidate-count-and-transfer-provenance,test/metadata/elections-test2/dail-eireann__2016-02-26.json#/results/21/candidates/0/counts/2,hold-pending-candidate-alias-approval,candidate-alias-review,[object Object],turnout; spoiled; electorate; gender,Apply only after the corresponding Dail remaining match recommendation is approved.
dail-patch-election-source-00010-general-election-2016-count-details-row-4121,election-source-00010-general-election-2016-count-details:row:4121,dail-eireann__2016-02-26,count-details,candidate-count-and-transfer-provenance,test/metadata/elections-test2/dail-eireann__2016-02-26.json#/results/21/candidates/0/counts/8,hold-pending-candidate-alias-approval,candidate-alias-review,[object Object],turnout; spoiled; electorate; gender,Apply only after the corresponding Dail remaining match recommendation is approved.
dail-patch-election-source-00010-general-election-2016-count-details-row-4122,election-source-00010-general-election-2016-count-details:row:4122,dail-eireann__2016-02-26,count-details,candidate-count-and-transfer-provenance,test/metadata/elections-test2/dail-eireann__2016-02-26.json#/results/21/candidates/0/counts/3,hold-pending-candidate-alias-approval,candidate-alias-review,[object Object],turnout; spoiled; electorate; gender,Apply only after the corresponding Dail remaining match recommendation is approved.
dail-patch-election-source-00010-general-election-2016-count-details-row-4123,election-source-00010-general-election-2016-count-details:row:4123,dail-eireann__2016-02-26,count-details,candidate-count-and-transfer-provenance,test/metadata/elections-test2/dail-eireann__2016-02-26.json#/results/21/candidates/0/counts/4,hold-pending-candidate-alias-approval,candidate-alias-review,[object Object],turnout; spoiled; electorate; gender,Apply only after the corresponding Dail remaining match recommendation is approved.
dail-patch-election-source-00010-general-election-2016-count-details-row-4124,election-source-00010-general-election-2016-count-details:row:4124,dail-eireann__2016-02-26,count-details,candidate-count-and-transfer-provenance,test/metadata/elections-test2/dail-eireann__2016-02-26.json#/results/21/candidates/0/counts/9,hold-pending-candidate-alias-approval,candidate-alias-review,[object Object],turnout; spoiled; electorate; gender,Apply only after the corresponding Dail remaining match recommendation is approved.
dail-patch-election-source-00010-general-election-2016-count-details-row-4125,election-source-00010-general-election-2016-count-details:row:4125,dail-eireann__2016-02-26,count-details,candidate-count-and-transfer-provenance,test/metadata/elections-test2/dail-eireann__2016-02-26.json#/results/21/candidates/0/counts/10,hold-pending-candidate-alias-approval,candidate-alias-review,[object Object],turnout; spoiled; electorate; gender,Apply only after the corresponding Dail remaining match recommendation is approved.
dail-patch-election-source-00010-general-election-2016-count-details-row-4126,election-source-00010-general-election-2016-count-details:row:4126,dail-eireann__2016-02-26,count-details,candidate-count-and-transfer-provenance,test/metadata/elections-test2/dail-eireann__2016-02-26.json#/results/21/candidates/0/counts/5,hold-pending-candidate-alias-approval,candidate-alias-review,[object Object],turnout; spoiled; electorate; gender,Apply only after the corresponding Dail remaining match recommendation is approved.
dail-patch-election-source-00010-general-election-2016-count-details-row-4127,election-source-00010-general-election-2016-count-details:row:4127,dail-eireann__2016-02-26,count-details,candidate-count-and-transfer-provenance,test/metadata/elections-test2/dail-eireann__2016-02-26.json#/results/21/candidates/0/counts/6,hold-pending-candidate-alias-approval,candidate-alias-review,[object Object],turnout; spoiled; electorate; gender,Apply only after the corresponding Dail remaining match recommendation is approved.
dail-patch-election-source-00010-general-election-2016-count-details-row-4128,election-source-00010-general-election-2016-count-details:row:4128,dail-eireann__2016-02-26,count-details,candidate-count-and-transfer-provenance,test/metadata/elections-test2/dail-eireann__2016-02-26.json#/results/21/candidates/0/counts/11,hold-pending-candidate-alias-approval,candidate-alias-review,[object Object],turnout; spoiled; electorate; gender,Apply only after the corresponding Dail remaining match recommendation is approved.
dail-patch-election-source-00010-general-election-2016-count-details-row-4129,election-source-00010-general-election-2016-count-details:row:4129,dail-eireann__2016-02-26,count-details,candidate-count-and-transfer-provenance,test/metadata/elections-test2/dail-eireann__2016-02-26.json#/results/21/candidates/0/counts/7,hold-pending-candidate-alias-approval,candidate-alias-review,[object Object],turnout; spoiled; electorate; gender,Apply only after the corresponding Dail remaining match recommendation is approved.
dail-patch-election-source-00010-general-election-2016-count-details-row-4130,election-source-00010-general-election-2016-count-details:row:4130,dail-eireann__2016-02-26,count-details,candidate-count-and-transfer-provenance,test/metadata/elections-test2/dail-eireann__2016-02-26.json#/results/21/candidates/0/counts/12,hold-pending-candidate-alias-approval,candidate-alias-review,[object Object],turnout; spoiled; electorate; gender,Apply only after the corresponding Dail remaining match recommendation is approved.
dail-patch-election-source-00010-general-election-2016-count-details-row-4131,election-source-00010-general-election-2016-count-details:row:4131,dail-eireann__2016-02-26,count-details,candidate-count-and-transfer-provenance,test/metadata/elections-test2/dail-eireann__2016-02-26.json#/results/21/candidates/0/counts/13,hold-pending-candidate-alias-approval,candidate-alias-review,[object Object],turnout; spoiled; electorate; gender,Apply only after the corresponding Dail remaining match recommendation is approved.
dail-patch-election-source-00010-general-election-2016-count-details-row-4132,election-source-00010-general-election-2016-count-details:row:4132,dail-eireann__2016-02-26,count-details,candidate-count-and-transfer-provenance,test/metadata/elections-test2/dail-eireann__2016-02-26.json#/results/24/candidates/2/counts/0,hold-pending-candidate-alias-approval,candidate-alias-review,[object Object],turnout; spoiled; electorate; gender,Apply only after the corresponding Dail remaining match recommendation is approved.
dail-patch-election-source-00010-general-election-2016-count-details-row-4133,election-source-00010-general-election-2016-count-details:row:4133,dail-eireann__2016-02-26,count-details,candidate-count-and-transfer-provenance,test/metadata/elections-test2/dail-eireann__2016-02-26.json#/results/24/candidates/2/counts/1,hold-pending-candidate-alias-approval,candidate-alias-review,[object Object],turnout; spoiled; electorate; gender,Apply only after the corresponding Dail remaining match recommendation is approved.
dail-patch-election-source-00010-general-election-2016-count-details-row-4134,election-source-00010-general-election-2016-count-details:row:4134,dail-eireann__2016-02-26,count-details,candidate-count-and-transfer-provenance,test/metadata/elections-test2/dail-eireann__2016-02-26.json#/results/24/candidates/2/counts/2,hold-pending-candidate-alias-approval,candidate-alias-review,[object Object],turnout; spoiled; electorate; gender,Apply only after the corresponding Dail remaining match recommendation is approved.
dail-patch-election-source-00010-general-election-2016-count-details-row-4135,election-source-00010-general-election-2016-count-details:row:4135,dail-eireann__2016-02-26,count-details,candidate-count-and-transfer-provenance,test/metadata/elections-test2/dail-eireann__2016-02-26.json#/results/24/candidates/2/counts/3,hold-pending-candidate-alias-approval,candidate-alias-review,[object Object],turnout; spoiled; electorate; gender,Apply only after the corresponding Dail remaining match recommendation is approved.
dail-patch-election-source-00010-general-election-2016-count-details-row-4136,election-source-00010-general-election-2016-count-details:row:4136,dail-eireann__2016-02-26,count-details,candidate-count-and-transfer-provenance,test/metadata/elections-test2/dail-eireann__2016-02-26.json#/results/24/candidates/2/counts/4,hold-pending-candidate-alias-approval,candidate-alias-review,[object Object],turnout; spoiled; electorate; gender,Apply only after the corresponding Dail remaining match recommendation is approved.
dail-patch-election-source-00010-general-election-2016-count-details-row-4137,election-source-00010-general-election-2016-count-details:row:4137,dail-eireann__2016-02-26,count-details,candidate-count-and-transfer-provenance,test/metadata/elections-test2/dail-eireann__2016-02-26.json#/results/24/candidates/2/counts/5,hold-pending-candidate-alias-approval,candidate-alias-review,[object Object],turnout; spoiled; electorate; gender,Apply only after the corresponding Dail remaining match recommendation is approved.
dail-patch-election-source-00010-general-election-2016-count-details-row-4149,election-source-00010-general-election-2016-count-details:row:4149,dail-eireann__2016-02-26,count-details,candidate-count-and-transfer-provenance,test/metadata/elections-test2/dail-eireann__2016-02-26.json#/results/6/candidates/3/counts/0,hold-pending-candidate-alias-approval,candidate-alias-review,[object Object],turnout; spoiled; electorate; gender,Apply only after the corresponding Dail remaining match recommendation is approved.
dail-patch-election-source-00010-general-election-2016-count-details-row-4150,election-source-00010-general-election-2016-count-details:row:4150,dail-eireann__2016-02-26,count-details,candidate-count-and-transfer-provenance,test/metadata/elections-test2/dail-eireann__2016-02-26.json#/results/6/candidates/3/counts/1,hold-pending-candidate-alias-approval,candidate-alias-review,[object Object],turnout; spoiled; electorate; gender,Apply only after the corresponding Dail remaining match recommendation is approved.
dail-patch-election-source-00010-general-election-2016-count-details-row-4151,election-source-00010-general-election-2016-count-details:row:4151,dail-eireann__2016-02-26,count-details,candidate-count-and-transfer-provenance,test/metadata/elections-test2/dail-eireann__2016-02-26.json#/results/6/candidates/3/counts/5,hold-pending-candidate-alias-approval,candidate-alias-review,[object Object],turnout; spoiled; electorate; gender,Apply only after the corresponding Dail remaining match recommendation is approved.
dail-patch-election-source-00010-general-election-2016-count-details-row-4152,election-source-00010-general-election-2016-count-details:row:4152,dail-eireann__2016-02-26,count-details,candidate-count-and-transfer-provenance,test/metadata/elections-test2/dail-eireann__2016-02-26.json#/results/6/candidates/3/counts/6,hold-pending-candidate-alias-approval,candidate-alias-review,[object Object],turnout; spoiled; electorate; gender,Apply only after the corresponding Dail remaining match recommendation is approved.
dail-patch-election-source-00010-general-election-2016-count-details-row-4153,election-source-00010-general-election-2016-count-details:row:4153,dail-eireann__2016-02-26,count-details,candidate-count-and-transfer-provenance,test/metadata/elections-test2/dail-eireann__2016-02-26.json#/results/6/candidates/3/counts/10,hold-pending-candidate-alias-approval,candidate-alias-review,[object Object],turnout; spoiled; electorate; gender,Apply only after the corresponding Dail remaining match recommendation is approved.
dail-patch-election-source-00010-general-election-2016-count-details-row-4154,election-source-00010-general-election-2016-count-details:row:4154,dail-eireann__2016-02-26,count-details,candidate-count-and-transfer-provenance,test/metadata/elections-test2/dail-eireann__2016-02-26.json#/results/6/candidates/3/counts/7,hold-pending-candidate-alias-approval,candidate-alias-review,[object Object],turnout; spoiled; electorate; gender,Apply only after the corresponding Dail remaining match recommendation is approved.
dail-patch-election-source-00010-general-election-2016-count-details-row-4155,election-source-00010-general-election-2016-count-details:row:4155,dail-eireann__2016-02-26,count-details,candidate-count-and-transfer-provenance,test/metadata/elections-test2/dail-eireann__2016-02-26.json#/results/6/candidates/3/counts/2,hold-pending-candidate-alias-approval,candidate-alias-review,[object Object],turnout; spoiled; electorate; gender,Apply only after the corresponding Dail remaining match recommendation is approved.
dail-patch-election-source-00010-general-election-2016-count-details-row-4156,election-source-00010-general-election-2016-count-details:row:4156,dail-eireann__2016-02-26,count-details,candidate-count-and-transfer-provenance,test/metadata/elections-test2/dail-eireann__2016-02-26.json#/results/6/candidates/3/counts/3,hold-pending-candidate-alias-approval,candidate-alias-review,[object Object],turnout; spoiled; electorate; gender,Apply only after the corresponding Dail remaining match recommendation is approved.
dail-patch-election-source-00010-general-election-2016-count-details-row-4157,election-source-00010-general-election-2016-count-details:row:4157,dail-eireann__2016-02-26,count-details,candidate-count-and-transfer-provenance,test/metadata/elections-test2/dail-eireann__2016-02-26.json#/results/6/candidates/3/counts/4,hold-pending-candidate-alias-approval,candidate-alias-review,[object Object],turnout; spoiled; electorate; gender,Apply only after the corresponding Dail remaining match recommendation is approved.
dail-patch-election-source-00010-general-election-2016-count-details-row-4158,election-source-00010-general-election-2016-count-details:row:4158,dail-eireann__2016-02-26,count-details,candidate-count-and-transfer-provenance,test/metadata/elections-test2/dail-eireann__2016-02-26.json#/results/6/candidates/3/counts/8,hold-pending-candidate-alias-approval,candidate-alias-review,[object Object],turnout; spoiled; electorate; gender,Apply only after the corresponding Dail remaining match recommendation is approved.
dail-patch-election-source-00010-general-election-2016-count-details-row-4159,election-source-00010-general-election-2016-count-details:row:4159,dail-eireann__2016-02-26,count-details,candidate-count-and-transfer-provenance,test/metadata/elections-test2/dail-eireann__2016-02-26.json#/results/6/candidates/3/counts/9,hold-pending-candidate-alias-approval,candidate-alias-review,[object Object],turnout; spoiled; electorate; gender,Apply only after the corresponding Dail remaining match recommendation is approved.
dail-patch-election-source-00010-general-election-2016-count-details-row-4189,election-source-00010-general-election-2016-count-details:row:4189,dail-eireann__2016-02-26,count-details,candidate-count-and-transfer-provenance,test/metadata/elections-test2/dail-eireann__2016-02-26.json#/results/9/candidates/3/counts/0,hold-pending-candidate-alias-approval,candidate-alias-review,[object Object],turnout; spoiled; electorate; gender,Apply only after the corresponding Dail remaining match recommendation is approved.
dail-patch-election-source-00010-general-election-2016-count-details-row-4190,election-source-00010-general-election-2016-count-details:row:4190,dail-eireann__2016-02-26,count-details,candidate-count-and-transfer-provenance,test/metadata/elections-test2/dail-eireann__2016-02-26.json#/results/9/candidates/3/counts/2,hold-pending-candidate-alias-approval,candidate-alias-review,[object Object],turnout; spoiled; electorate; gender,Apply only after the corresponding Dail remaining match recommendation is approved.
dail-patch-election-source-00010-general-election-2016-count-details-row-4191,election-source-00010-general-election-2016-count-details:row:4191,dail-eireann__2016-02-26,count-details,candidate-count-and-transfer-provenance,test/metadata/elections-test2/dail-eireann__2016-02-26.json#/results/9/candidates/3/counts/1,hold-pending-candidate-alias-approval,candidate-alias-review,[object Object],turnout; spoiled; electorate; gender,Apply only after the corresponding Dail remaining match recommendation is approved.
dail-patch-election-source-00010-general-election-2016-count-details-row-4192,election-source-00010-general-election-2016-count-details:row:4192,dail-eireann__2016-02-26,count-details,candidate-count-and-transfer-provenance,test/metadata/elections-test2/dail-eireann__2016-02-26.json#/results/9/candidates/3/counts/3,hold-pending-candidate-alias-approval,candidate-alias-review,[object Object],turnout; spoiled; electorate; gender,Apply only after the corresponding Dail remaining match recommendation is approved.
dail-patch-election-source-00010-general-election-2016-count-details-row-4193,election-source-00010-general-election-2016-count-details:row:4193,dail-eireann__2016-02-26,count-details,candidate-count-and-transfer-provenance,test/metadata/elections-test2/dail-eireann__2016-02-26.json#/results/9/candidates/3/counts/8,hold-pending-candidate-alias-approval,candidate-alias-review,[object Object],turnout; spoiled; electorate; gender,Apply only after the corresponding Dail remaining match recommendation is approved.
dail-patch-election-source-00010-general-election-2016-count-details-row-4194,election-source-00010-general-election-2016-count-details:row:4194,dail-eireann__2016-02-26,count-details,candidate-count-and-transfer-provenance,test/metadata/elections-test2/dail-eireann__2016-02-26.json#/results/9/candidates/3/counts/4,hold-pending-candidate-alias-approval,candidate-alias-review,[object Object],turnout; spoiled; electorate; gender,Apply only after the corresponding Dail remaining match recommendation is approved.
dail-patch-election-source-00010-general-election-2016-count-details-row-4195,election-source-00010-general-election-2016-count-details:row:4195,dail-eireann__2016-02-26,count-details,candidate-count-and-transfer-provenance,test/metadata/elections-test2/dail-eireann__2016-02-26.json#/results/9/candidates/3/counts/9,hold-pending-candidate-alias-approval,candidate-alias-review,[object Object],turnout; spoiled; electorate; gender,Apply only after the corresponding Dail remaining match recommendation is approved.
dail-patch-election-source-00010-general-election-2016-count-details-row-4196,election-source-00010-general-election-2016-count-details:row:4196,dail-eireann__2016-02-26,count-details,candidate-count-and-transfer-provenance,test/metadata/elections-test2/dail-eireann__2016-02-26.json#/results/9/candidates/3/counts/5,hold-pending-candidate-alias-approval,candidate-alias-review,[object Object],turnout; spoiled; electorate; gender,Apply only after the corresponding Dail remaining match recommendation is approved.
dail-patch-election-source-00010-general-election-2016-count-details-row-4197,election-source-00010-general-election-2016-count-details:row:4197,dail-eireann__2016-02-26,count-details,candidate-count-and-transfer-provenance,test/metadata/elections-test2/dail-eireann__2016-02-26.json#/results/9/candidates/3/counts/6,hold-pending-candidate-alias-approval,candidate-alias-review,[object Object],turnout; spoiled; electorate; gender,Apply only after the corresponding Dail remaining match recommendation is approved.
dail-patch-election-source-00010-general-election-2016-count-details-row-4198,election-source-00010-general-election-2016-count-details:row:4198,dail-eireann__2016-02-26,count-details,candidate-count-and-transfer-provenance,test/metadata/elections-test2/dail-eireann__2016-02-26.json#/results/9/candidates/3/counts/7,hold-pending-candidate-alias-approval,candidate-alias-review,[object Object],turnout; spoiled; electorate; gender,Apply only after the corresponding Dail remaining match recommendation is approved.
dail-patch-election-source-00010-general-election-2016-count-details-row-4199,election-source-00010-general-election-2016-count-details:row:4199,dail-eireann__2016-02-26,count-details,candidate-count-and-transfer-provenance,test/metadata/elections-test2/dail-eireann__2016-02-26.json#/results/9/candidates/3/counts/10,hold-pending-candidate-alias-approval,candidate-alias-review,[object Object],turnout; spoiled; electorate; gender,Apply only after the corresponding Dail remaining match recommendation is approved.
dail-patch-election-source-00010-general-election-2016-count-details-row-4200,election-source-00010-general-election-2016-count-details:row:4200,dail-eireann__2016-02-26,count-details,candidate-count-and-transfer-provenance,test/metadata/elections-test2/dail-eireann__2016-02-26.json#/results/9/candidates/3/counts/11,hold-pending-candidate-alias-approval,candidate-alias-review,[object Object],turnout; spoiled; electorate; gender,Apply only after the corresponding Dail remaining match recommendation is approved.
dail-patch-election-source-00010-general-election-2016-count-details-row-4201,election-source-00010-general-election-2016-count-details:row:4201,dail-eireann__2016-02-26,count-details,candidate-count-and-transfer-provenance,test/metadata/elections-test2/dail-eireann__2016-02-26.json#/results/9/candidates/3/counts/12,hold-pending-candidate-alias-approval,candidate-alias-review,[object Object],turnout; spoiled; electorate; gender,Apply only after the corresponding Dail remaining match recommendation is approved.
dail-patch-election-source-00010-general-election-2016-count-details-row-4202,election-source-00010-general-election-2016-count-details:row:4202,dail-eireann__2016-02-26,count-details,candidate-count-and-transfer-provenance,test/metadata/elections-test2/dail-eireann__2016-02-26.json#/results/9/candidates/3/counts/13,hold-pending-candidate-alias-approval,candidate-alias-review,[object Object],turnout; spoiled; electorate; gender,Apply only after the corresponding Dail remaining match recommendation is approved.
dail-patch-election-source-00010-general-election-2016-count-details-row-4203,election-source-00010-general-election-2016-count-details:row:4203,dail-eireann__2016-02-26,count-details,candidate-count-and-transfer-provenance,test/metadata/elections-test2/dail-eireann__2016-02-26.json#/results/9/candidates/3/counts/14,hold-pending-candidate-alias-approval,candidate-alias-review,[object Object],turnout; spoiled; electorate; gender,Apply only after the corresponding Dail remaining match recommendation is approved.
dail-patch-election-source-00010-general-election-2016-count-details-row-5226,election-source-00010-general-election-2016-count-details:row:5226,dail-eireann__2016-02-26,count-details,candidate-count-and-transfer-provenance,test/metadata/elections-test2/dail-eireann__2016-02-26.json#/results/2/candidates/14/counts/8,hold-pending-candidate-alias-approval,candidate-alias-review,[object Object],turnout; spoiled; electorate; gender,Apply only after the corresponding Dail remaining match recommendation is approved.
dail-patch-election-source-00010-general-election-2016-count-details-row-5227,election-source-00010-general-election-2016-count-details:row:5227,dail-eireann__2016-02-26,count-details,candidate-count-and-transfer-provenance,test/metadata/elections-test2/dail-eireann__2016-02-26.json#/results/2/candidates/14/counts/9,hold-pending-candidate-alias-approval,candidate-alias-review,[object Object],turnout; spoiled; electorate; gender,Apply only after the corresponding Dail remaining match recommendation is approved.
dail-patch-election-source-00010-general-election-2016-count-details-row-5228,election-source-00010-general-election-2016-count-details:row:5228,dail-eireann__2016-02-26,count-details,candidate-count-and-transfer-provenance,test/metadata/elections-test2/dail-eireann__2016-02-26.json#/results/2/candidates/14/counts/10,hold-pending-candidate-alias-approval,candidate-alias-review,[object Object],turnout; spoiled; electorate; gender,Apply only after the corresponding Dail remaining match recommendation is approved.
dail-patch-election-source-00010-general-election-2016-count-details-row-5229,election-source-00010-general-election-2016-count-details:row:5229,dail-eireann__2016-02-26,count-details,candidate-count-and-transfer-provenance,test/metadata/elections-test2/dail-eireann__2016-02-26.json#/results/2/candidates/14/counts/0,hold-pending-candidate-alias-approval,candidate-alias-review,[object Object],turnout; spoiled; electorate; gender,Apply only after the corresponding Dail remaining match recommendation is approved.
dail-patch-election-source-00010-general-election-2016-count-details-row-5230,election-source-00010-general-election-2016-count-details:row:5230,dail-eireann__2016-02-26,count-details,candidate-count-and-transfer-provenance,test/metadata/elections-test2/dail-eireann__2016-02-26.json#/results/2/candidates/14/counts/5,hold-pending-candidate-alias-approval,candidate-alias-review,[object Object],turnout; spoiled; electorate; gender,Apply only after the corresponding Dail remaining match recommendation is approved.
dail-patch-election-source-00010-general-election-2016-count-details-row-5231,election-source-00010-general-election-2016-count-details:row:5231,dail-eireann__2016-02-26,count-details,candidate-count-and-transfer-provenance,test/metadata/elections-test2/dail-eireann__2016-02-26.json#/results/2/candidates/14/counts/6,hold-pending-candidate-alias-approval,candidate-alias-review,[object Object],turnout; spoiled; electorate; gender,Apply only after the corresponding Dail remaining match recommendation is approved.
dail-patch-election-source-00010-general-election-2016-count-details-row-5232,election-source-00010-general-election-2016-count-details:row:5232,dail-eireann__2016-02-26,count-details,candidate-count-and-transfer-provenance,test/metadata/elections-test2/dail-eireann__2016-02-26.json#/results/2/candidates/14/counts/2,hold-pending-candidate-alias-approval,candidate-alias-review,[object Object],turnout; spoiled; electorate; gender,Apply only after the corresponding Dail remaining match recommendation is approved.
dail-patch-election-source-00010-general-election-2016-count-details-row-5233,election-source-00010-general-election-2016-count-details:row:5233,dail-eireann__2016-02-26,count-details,candidate-count-and-transfer-provenance,test/metadata/elections-test2/dail-eireann__2016-02-26.json#/results/2/candidates/14/counts/3,hold-pending-candidate-alias-approval,candidate-alias-review,[object Object],turnout; spoiled; electorate; gender,Apply only after the corresponding Dail remaining match recommendation is approved.
dail-patch-election-source-00010-general-election-2016-count-details-row-5234,election-source-00010-general-election-2016-count-details:row:5234,dail-eireann__2016-02-26,count-details,candidate-count-and-transfer-provenance,test/metadata/elections-test2/dail-eireann__2016-02-26.json#/results/2/candidates/14/counts/1,hold-pending-candidate-alias-approval,candidate-alias-review,[object Object],turnout; spoiled; electorate; gender,Apply only after the corresponding Dail remaining match recommendation is approved.
dail-patch-election-source-00010-general-election-2016-count-details-row-5235,election-source-00010-general-election-2016-count-details:row:5235,dail-eireann__2016-02-26,count-details,candidate-count-and-transfer-provenance,test/metadata/elections-test2/dail-eireann__2016-02-26.json#/results/2/candidates/14/counts/7,hold-pending-candidate-alias-approval,candidate-alias-review,[object Object],turnout; spoiled; electorate; gender,Apply only after the corresponding Dail remaining match recommendation is approved.
dail-patch-election-source-00010-general-election-2016-count-details-row-5236,election-source-00010-general-election-2016-count-details:row:5236,dail-eireann__2016-02-26,count-details,candidate-count-and-transfer-provenance,test/metadata/elections-test2/dail-eireann__2016-02-26.json#/results/2/candidates/14/counts/4,hold-pending-candidate-alias-approval,candidate-alias-review,[object Object],turnout; spoiled; electorate; gender,Apply only after the corresponding Dail remaining match recommendation is approved.
dail-patch-election-source-00010-general-election-2016-count-details-row-5237,election-source-00010-general-election-2016-count-details:row:5237,dail-eireann__2016-02-26,count-details,candidate-count-and-transfer-provenance,test/metadata/elections-test2/dail-eireann__2016-02-26.json#/results/2/candidates/14/counts/11,hold-pending-candidate-alias-approval,candidate-alias-review,[object Object],turnout; spoiled; electorate; gender,Apply only after the corresponding Dail remaining match recommendation is approved.
dail-patch-election-source-00011-general-election-2020-count-details-row-1089,election-source-00011-general-election-2020-count-details:row:1089,dail-eireann__2020-02-08,count-details,candidate-count-and-transfer-provenance,test/metadata/elections-test2/dail-eireann__2020-02-08.json#/results/8/candidates/12/counts/0,hold-pending-candidate-alias-approval,candidate-alias-review,[object Object],turnout; spoiled; electorate; gender,Apply only after the corresponding Dail remaining match recommendation is approved.
dail-patch-election-source-00011-general-election-2020-count-details-row-1090,election-source-00011-general-election-2020-count-details:row:1090,dail-eireann__2020-02-08,count-details,candidate-count-and-transfer-provenance,test/metadata/elections-test2/dail-eireann__2020-02-08.json#/results/8/candidates/12/counts/1,hold-pending-candidate-alias-approval,candidate-alias-review,[object Object],turnout; spoiled; electorate; gender,Apply only after the corresponding Dail remaining match recommendation is approved.
dail-patch-election-source-00011-general-election-2020-count-details-row-1091,election-source-00011-general-election-2020-count-details:row:1091,dail-eireann__2020-02-08,count-details,candidate-count-and-transfer-provenance,test/metadata/elections-test2/dail-eireann__2020-02-08.json#/results/8/candidates/12/counts/2,hold-pending-candidate-alias-approval,candidate-alias-review,[object Object],turnout; spoiled; electorate; gender,Apply only after the corresponding Dail remaining match recommendation is approved.
dail-patch-election-source-00011-general-election-2020-count-details-row-1092,election-source-00011-general-election-2020-count-details:row:1092,dail-eireann__2020-02-08,count-details,candidate-count-and-transfer-provenance,test/metadata/elections-test2/dail-eireann__2020-02-08.json#/results/8/candidates/12/counts/3,hold-pending-candidate-alias-approval,candidate-alias-review,[object Object],turnout; spoiled; electorate; gender,Apply only after the corresponding Dail remaining match recommendation is approved.
dail-patch-election-source-00011-general-election-2020-count-details-row-1093,election-source-00011-general-election-2020-count-details:row:1093,dail-eireann__2020-02-08,count-details,candidate-count-and-transfer-provenance,test/metadata/elections-test2/dail-eireann__2020-02-08.json#/results/8/candidates/12/counts/4,hold-pending-candidate-alias-approval,candidate-alias-review,[object Object],turnout; spoiled; electorate; gender,Apply only after the corresponding Dail remaining match recommendation is approved.
dail-patch-election-source-00011-general-election-2020-count-details-row-1094,election-source-00011-general-election-2020-count-details:row:1094,dail-eireann__2020-02-08,count-details,candidate-count-and-transfer-provenance,test/metadata/elections-test2/dail-eireann__2020-02-08.json#/results/8/candidates/12/counts/5,hold-pending-candidate-alias-approval,candidate-alias-review,[object Object],turnout; spoiled; electorate; gender,Apply only after the corresponding Dail remaining match recommendation is approved.
dail-patch-election-source-00011-general-election-2020-count-details-row-1095,election-source-00011-general-election-2020-count-details:row:1095,dail-eireann__2020-02-08,count-details,candidate-count-and-transfer-provenance,test/metadata/elections-test2/dail-eireann__2020-02-08.json#/results/8/candidates/12/counts/6,hold-pending-candidate-alias-approval,candidate-alias-review,[object Object],turnout; spoiled; electorate; gender,Apply only after the corresponding Dail remaining match recommendation is approved.
dail-patch-election-source-00011-general-election-2020-count-details-row-1096,election-source-00011-general-election-2020-count-details:row:1096,dail-eireann__2020-02-08,count-details,candidate-count-and-transfer-provenance,test/metadata/elections-test2/dail-eireann__2020-02-08.json#/results/8/candidates/12/counts/7,hold-pending-candidate-alias-approval,candidate-alias-review,[object Object],turnout; spoiled; electorate; gender,Apply only after the corresponding Dail remaining match recommendation is approved.
dail-patch-election-source-00011-general-election-2020-count-details-row-1097,election-source-00011-general-election-2020-count-details:row:1097,dail-eireann__2020-02-08,count-details,candidate-count-and-transfer-provenance,test/metadata/elections-test2/dail-eireann__2020-02-08.json#/results/8/candidates/12/counts/8,hold-pending-candidate-alias-approval,candidate-alias-review,[object Object],turnout; spoiled; electorate; gender,Apply only after the corresponding Dail remaining match recommendation is approved.
dail-patch-election-source-00011-general-election-2020-count-details-row-1399,election-source-00011-general-election-2020-count-details:row:1399,dail-eireann__2020-02-08,count-details,candidate-count-and-transfer-provenance,test/metadata/elections-test2/dail-eireann__2020-02-08.json#/results/9/candidates/2/counts/0,hold-pending-candidate-alias-approval,candidate-alias-review,[object Object],turnout; spoiled; electorate; gender,Apply only after the corresponding Dail remaining match recommendation is approved.
dail-patch-election-source-00011-general-election-2020-count-details-row-1400,election-source-00011-general-election-2020-count-details:row:1400,dail-eireann__2020-02-08,count-details,candidate-count-and-transfer-provenance,test/metadata/elections-test2/dail-eireann__2020-02-08.json#/results/9/candidates/2/counts/1,hold-pending-candidate-alias-approval,candidate-alias-review,[object Object],turnout; spoiled; electorate; gender,Apply only after the corresponding Dail remaining match recommendation is approved.
dail-patch-election-source-00011-general-election-2020-count-details-row-1401,election-source-00011-general-election-2020-count-details:row:1401,dail-eireann__2020-02-08,count-details,candidate-count-and-transfer-provenance,test/metadata/elections-test2/dail-eireann__2020-02-08.json#/results/9/candidates/2/counts/2,hold-pending-candidate-alias-approval,candidate-alias-review,[object Object],turnout; spoiled; electorate; gender,Apply only after the corresponding Dail remaining match recommendation is approved.
dail-patch-election-source-00011-general-election-2020-count-details-row-1402,election-source-00011-general-election-2020-count-details:row:1402,dail-eireann__2020-02-08,count-details,candidate-count-and-transfer-provenance,test/metadata/elections-test2/dail-eireann__2020-02-08.json#/results/9/candidates/2/counts/3,hold-pending-candidate-alias-approval,candidate-alias-review,[object Object],turnout; spoiled; electorate; gender,Apply only after the corresponding Dail remaining match recommendation is approved.
dail-patch-election-source-00011-general-election-2020-count-details-row-1403,election-source-00011-general-election-2020-count-details:row:1403,dail-eireann__2020-02-08,count-details,candidate-count-and-transfer-provenance,test/metadata/elections-test2/dail-eireann__2020-02-08.json#/results/9/candidates/2/counts/4,hold-pending-candidate-alias-approval,candidate-alias-review,[object Object],turnout; spoiled; electorate; gender,Apply only after the corresponding Dail remaining match recommendation is approved.
dail-patch-election-source-00011-general-election-2020-count-details-row-1404,election-source-00011-general-election-2020-count-details:row:1404,dail-eireann__2020-02-08,count-details,candidate-count-and-transfer-provenance,test/metadata/elections-test2/dail-eireann__2020-02-08.json#/results/9/candidates/2/counts/5,hold-pending-candidate-alias-approval,candidate-alias-review,[object Object],turnout; spoiled; electorate; gender,Apply only after the corresponding Dail remaining match recommendation is approved.
dail-patch-election-source-00011-general-election-2020-count-details-row-1405,election-source-00011-general-election-2020-count-details:row:1405,dail-eireann__2020-02-08,count-details,candidate-count-and-transfer-provenance,test/metadata/elections-test2/dail-eireann__2020-02-08.json#/results/9/candidates/2/counts/6,hold-pending-candidate-alias-approval,candidate-alias-review,[object Object],turnout; spoiled; electorate; gender,Apply only after the corresponding Dail remaining match recommendation is approved.
dail-patch-election-source-00011-general-election-2020-count-details-row-1406,election-source-00011-general-election-2020-count-details:row:1406,dail-eireann__2020-02-08,count-details,candidate-count-and-transfer-provenance,test/metadata/elections-test2/dail-eireann__2020-02-08.json#/results/9/candidates/2/counts/7,hold-pending-candidate-alias-approval,candidate-alias-review,[object Object],turnout; spoiled; electorate; gender,Apply only after the corresponding Dail remaining match recommendation is approved.
dail-patch-election-source-00011-general-election-2020-count-details-row-1407,election-source-00011-general-election-2020-count-details:row:1407,dail-eireann__2020-02-08,count-details,candidate-count-and-transfer-provenance,test/metadata/elections-test2/dail-eireann__2020-02-08.json#/results/9/candidates/2/counts/8,hold-pending-candidate-alias-approval,candidate-alias-review,[object Object],turnout; spoiled; electorate; gender,Apply only after the corresponding Dail remaining match recommendation is approved.
dail-patch-election-source-00011-general-election-2020-count-details-row-1408,election-source-00011-general-election-2020-count-details:row:1408,dail-eireann__2020-02-08,count-details,candidate-count-and-transfer-provenance,test/metadata/elections-test2/dail-eireann__2020-02-08.json#/results/9/candidates/2/counts/9,hold-pending-candidate-alias-approval,candidate-alias-review,[object Object],turnout; spoiled; electorate; gender,Apply only after the corresponding Dail remaining match recommendation is approved.
dail-patch-election-source-00011-general-election-2020-count-details-row-1409,election-source-00011-general-election-2020-count-details:row:1409,dail-eireann__2020-02-08,count-details,candidate-count-and-transfer-provenance,test/metadata/elections-test2/dail-eireann__2020-02-08.json#/results/9/candidates/2/counts/10,hold-pending-candidate-alias-approval,candidate-alias-review,[object Object],turnout; spoiled; electorate; gender,Apply only after the corresponding Dail remaining match recommendation is approved.
dail-patch-election-source-00011-general-election-2020-count-details-row-1410,election-source-00011-general-election-2020-count-details:row:1410,dail-eireann__2020-02-08,count-details,candidate-count-and-transfer-provenance,test/metadata/elections-test2/dail-eireann__2020-02-08.json#/results/9/candidates/2/counts/11,hold-pending-candidate-alias-approval,candidate-alias-review,[object Object],turnout; spoiled; electorate; gender,Apply only after the corresponding Dail remaining match recommendation is approved.
dail-patch-election-source-00011-general-election-2020-count-details-row-1411,election-source-00011-general-election-2020-count-details:row:1411,dail-eireann__2020-02-08,count-details,candidate-count-and-transfer-provenance,test/metadata/elections-test2/dail-eireann__2020-02-08.json#/results/9/candidates/2/counts/12,hold-pending-candidate-alias-approval,candidate-alias-review,[object Object],turnout; spoiled; electorate; gender,Apply only after the corresponding Dail remaining match recommendation is approved.
dail-patch-election-source-00011-general-election-2020-count-details-row-1412,election-source-00011-general-election-2020-count-details:row:1412,dail-eireann__2020-02-08,count-details,candidate-count-and-transfer-provenance,test/metadata/elections-test2/dail-eireann__2020-02-08.json#/results/9/candidates/2/counts/13,hold-pending-candidate-alias-approval,candidate-alias-review,[object Object],turnout; spoiled; electorate; gender,Apply only after the corresponding Dail remaining match recommendation is approved.
dail-patch-election-source-00011-general-election-2020-count-details-row-1677,election-source-00011-general-election-2020-count-details:row:1677,dail-eireann__2020-02-08,count-details,candidate-count-and-transfer-provenance,test/metadata/elections-test2/dail-eireann__2020-02-08.json#/results/12/candidates/0/counts/0,hold-pending-candidate-alias-approval,candidate-alias-review,[object Object],turnout; spoiled; electorate; gender,Apply only after the corresponding Dail remaining match recommendation is approved.
dail-patch-election-source-00011-general-election-2020-count-details-row-1678,election-source-00011-general-election-2020-count-details:row:1678,dail-eireann__2020-02-08,count-details,candidate-count-and-transfer-provenance,test/metadata/elections-test2/dail-eireann__2020-02-08.json#/results/12/candidates/0/counts/1,hold-pending-candidate-alias-approval,candidate-alias-review,[object Object],turnout; spoiled; electorate; gender,Apply only after the corresponding Dail remaining match recommendation is approved.
dail-patch-election-source-00011-general-election-2020-count-details-row-1679,election-source-00011-general-election-2020-count-details:row:1679,dail-eireann__2020-02-08,count-details,candidate-count-and-transfer-provenance,test/metadata/elections-test2/dail-eireann__2020-02-08.json#/results/12/candidates/0/counts/2,hold-pending-candidate-alias-approval,candidate-alias-review,[object Object],turnout; spoiled; electorate; gender,Apply only after the corresponding Dail remaining match recommendation is approved.
dail-patch-election-source-00011-general-election-2020-count-details-row-1680,election-source-00011-general-election-2020-count-details:row:1680,dail-eireann__2020-02-08,count-details,candidate-count-and-transfer-provenance,test/metadata/elections-test2/dail-eireann__2020-02-08.json#/results/12/candidates/0/counts/3,hold-pending-candidate-alias-approval,candidate-alias-review,[object Object],turnout; spoiled; electorate; gender,Apply only after the corresponding Dail remaining match recommendation is approved.
dail-patch-election-source-00011-general-election-2020-count-details-row-1681,election-source-00011-general-election-2020-count-details:row:1681,dail-eireann__2020-02-08,count-details,candidate-count-and-transfer-provenance,test/metadata/elections-test2/dail-eireann__2020-02-08.json#/results/12/candidates/0/counts/4,hold-pending-candidate-alias-approval,candidate-alias-review,[object Object],turnout; spoiled; electorate; gender,Apply only after the corresponding Dail remaining match recommendation is approved.
dail-patch-election-source-00011-general-election-2020-count-details-row-1682,election-source-00011-general-election-2020-count-details:row:1682,dail-eireann__2020-02-08,count-details,candidate-count-and-transfer-provenance,test/metadata/elections-test2/dail-eireann__2020-02-08.json#/results/12/candidates/0/counts/5,hold-pending-candidate-alias-approval,candidate-alias-review,[object Object],turnout; spoiled; electorate; gender,Apply only after the corresponding Dail remaining match recommendation is approved.
dail-patch-election-source-00011-general-election-2020-count-details-row-1683,election-source-00011-general-election-2020-count-details:row:1683,dail-eireann__2020-02-08,count-details,candidate-count-and-transfer-provenance,test/metadata/elections-test2/dail-eireann__2020-02-08.json#/results/12/candidates/0/counts/6,hold-pending-candidate-alias-approval,candidate-alias-review,[object Object],turnout; spoiled; electorate; gender,Apply only after the corresponding Dail remaining match recommendation is approved.
dail-patch-election-source-00011-general-election-2020-count-details-row-1684,election-source-00011-general-election-2020-count-details:row:1684,dail-eireann__2020-02-08,count-details,candidate-count-and-transfer-provenance,test/metadata/elections-test2/dail-eireann__2020-02-08.json#/results/12/candidates/0/counts/7,hold-pending-candidate-alias-approval,candidate-alias-review,[object Object],turnout; spoiled; electorate; gender,Apply only after the corresponding Dail remaining match recommendation is approved.
dail-patch-election-source-00011-general-election-2020-count-details-row-1685,election-source-00011-general-election-2020-count-details:row:1685,dail-eireann__2020-02-08,count-details,candidate-count-and-transfer-provenance,test/metadata/elections-test2/dail-eireann__2020-02-08.json#/results/12/candidates/0/counts/8,hold-pending-candidate-alias-approval,candidate-alias-review,[object Object],turnout; spoiled; electorate; gender,Apply only after the corresponding Dail remaining match recommendation is approved.
dail-patch-election-source-00011-general-election-2020-count-details-row-1686,election-source-00011-general-election-2020-count-details:row:1686,dail-eireann__2020-02-08,count-details,candidate-count-and-transfer-provenance,test/metadata/elections-test2/dail-eireann__2020-02-08.json#/results/12/candidates/0/counts/9,hold-pending-candidate-alias-approval,candidate-alias-review,[object Object],turnout; spoiled; electorate; gender,Apply only after the corresponding Dail remaining match recommendation is approved.
dail-patch-election-source-00011-general-election-2020-count-details-row-1687,election-source-00011-general-election-2020-count-details:row:1687,dail-eireann__2020-02-08,count-details,candidate-count-and-transfer-provenance,test/metadata/elections-test2/dail-eireann__2020-02-08.json#/results/12/candidates/0/counts/10,hold-pending-candidate-alias-approval,candidate-alias-review,[object Object],turnout; spoiled; electorate; gender,Apply only after the corresponding Dail remaining match recommendation is approved.
dail-patch-election-source-00011-general-election-2020-count-details-row-1688,election-source-00011-general-election-2020-count-details:row:1688,dail-eireann__2020-02-08,count-details,candidate-count-and-transfer-provenance,test/metadata/elections-test2/dail-eireann__2020-02-08.json#/results/12/candidates/0/counts/11,hold-pending-candidate-alias-approval,candidate-alias-review,[object Object],turnout; spoiled; electorate; gender,Apply only after the corresponding Dail remaining match recommendation is approved.
dail-patch-election-source-00011-general-election-2020-count-details-row-2531,election-source-00011-general-election-2020-count-details:row:2531,dail-eireann__2020-02-08,count-details,candidate-count-and-transfer-provenance,test/metadata/elections-test2/dail-eireann__2020-02-08.json#/results/19/candidates/10/counts/0,hold-pending-candidate-alias-approval,candidate-alias-review,[object Object],turnout; spoiled; electorate; gender,Apply only after the corresponding Dail remaining match recommendation is approved.
dail-patch-election-source-00011-general-election-2020-count-details-row-2532,election-source-00011-general-election-2020-count-details:row:2532,dail-eireann__2020-02-08,count-details,candidate-count-and-transfer-provenance,test/metadata/elections-test2/dail-eireann__2020-02-08.json#/results/19/candidates/10/counts/1,hold-pending-candidate-alias-approval,candidate-alias-review,[object Object],turnout; spoiled; electorate; gender,Apply only after the corresponding Dail remaining match recommendation is approved.
dail-patch-election-source-00011-general-election-2020-count-details-row-2533,election-source-00011-general-election-2020-count-details:row:2533,dail-eireann__2020-02-08,count-details,candidate-count-and-transfer-provenance,test/metadata/elections-test2/dail-eireann__2020-02-08.json#/results/19/candidates/10/counts/2,hold-pending-candidate-alias-approval,candidate-alias-review,[object Object],turnout; spoiled; electorate; gender,Apply only after the corresponding Dail remaining match recommendation is approved.
dail-patch-election-source-00011-general-election-2020-count-details-row-2534,election-source-00011-general-election-2020-count-details:row:2534,dail-eireann__2020-02-08,count-details,candidate-count-and-transfer-provenance,test/metadata/elections-test2/dail-eireann__2020-02-08.json#/results/19/candidates/10/counts/3,hold-pending-candidate-alias-approval,candidate-alias-review,[object Object],turnout; spoiled; electorate; gender,Apply only after the corresponding Dail remaining match recommendation is approved.
dail-patch-election-source-00011-general-election-2020-count-details-row-2535,election-source-00011-general-election-2020-count-details:row:2535,dail-eireann__2020-02-08,count-details,candidate-count-and-transfer-provenance,test/metadata/elections-test2/dail-eireann__2020-02-08.json#/results/19/candidates/10/counts/4,hold-pending-candidate-alias-approval,candidate-alias-review,[object Object],turnout; spoiled; electorate; gender,Apply only after the corresponding Dail remaining match recommendation is approved.
dail-patch-election-source-00011-general-election-2020-count-details-row-2536,election-source-00011-general-election-2020-count-details:row:2536,dail-eireann__2020-02-08,count-details,candidate-count-and-transfer-provenance,test/metadata/elections-test2/dail-eireann__2020-02-08.json#/results/19/candidates/10/counts/5,hold-pending-candidate-alias-approval,candidate-alias-review,[object Object],turnout; spoiled; electorate; gender,Apply only after the corresponding Dail remaining match recommendation is approved.
dail-patch-election-source-00011-general-election-2020-count-details-row-2537,election-source-00011-general-election-2020-count-details:row:2537,dail-eireann__2020-02-08,count-details,candidate-count-and-transfer-provenance,test/metadata/elections-test2/dail-eireann__2020-02-08.json#/results/19/candidates/10/counts/6,hold-pending-candidate-alias-approval,candidate-alias-review,[object Object],turnout; spoiled; electorate; gender,Apply only after the corresponding Dail remaining match recommendation is approved.
dail-patch-election-source-00011-general-election-2020-count-details-row-2538,election-source-00011-general-election-2020-count-details:row:2538,dail-eireann__2020-02-08,count-details,candidate-count-and-transfer-provenance,test/metadata/elections-test2/dail-eireann__2020-02-08.json#/results/19/candidates/10/counts/7,hold-pending-candidate-alias-approval,candidate-alias-review,[object Object],turnout; spoiled; electorate; gender,Apply only after the corresponding Dail remaining match recommendation is approved.
dail-patch-election-source-00011-general-election-2020-count-details-row-2703,election-source-00011-general-election-2020-count-details:row:2703,dail-eireann__2020-02-08,count-details,candidate-count-and-transfer-provenance,test/metadata/elections-test2/dail-eireann__2020-02-08.json#/results/21/candidates/0/counts/0,hold-pending-candidate-alias-approval,candidate-alias-review,[object Object],turnout; spoiled; electorate; gender,Apply only after the corresponding Dail remaining match recommendation is approved.
dail-patch-election-source-00011-general-election-2020-count-details-row-2704,election-source-00011-general-election-2020-count-details:row:2704,dail-eireann__2020-02-08,count-details,candidate-count-and-transfer-provenance,test/metadata/elections-test2/dail-eireann__2020-02-08.json#/results/21/candidates/0/counts/1,hold-pending-candidate-alias-approval,candidate-alias-review,[object Object],turnout; spoiled; electorate; gender,Apply only after the corresponding Dail remaining match recommendation is approved.
dail-patch-election-source-00011-general-election-2020-count-details-row-2705,election-source-00011-general-election-2020-count-details:row:2705,dail-eireann__2020-02-08,count-details,candidate-count-and-transfer-provenance,test/metadata/elections-test2/dail-eireann__2020-02-08.json#/results/21/candidates/0/counts/2,hold-pending-candidate-alias-approval,candidate-alias-review,[object Object],turnout; spoiled; electorate; gender,Apply only after the corresponding Dail remaining match recommendation is approved.
dail-patch-election-source-00011-general-election-2020-count-details-row-2706,election-source-00011-general-election-2020-count-details:row:2706,dail-eireann__2020-02-08,count-details,candidate-count-and-transfer-provenance,test/metadata/elections-test2/dail-eireann__2020-02-08.json#/results/21/candidates/0/counts/3,hold-pending-candidate-alias-approval,candidate-alias-review,[object Object],turnout; spoiled; electorate; gender,Apply only after the corresponding Dail remaining match recommendation is approved.
dail-patch-election-source-00011-general-election-2020-count-details-row-2707,election-source-00011-general-election-2020-count-details:row:2707,dail-eireann__2020-02-08,count-details,candidate-count-and-transfer-provenance,test/metadata/elections-test2/dail-eireann__2020-02-08.json#/results/21/candidates/0/counts/4,hold-pending-candidate-alias-approval,candidate-alias-review,[object Object],turnout; spoiled; electorate; gender,Apply only after the corresponding Dail remaining match recommendation is approved.
dail-patch-election-source-00011-general-election-2020-count-details-row-2708,election-source-00011-general-election-2020-count-details:row:2708,dail-eireann__2020-02-08,count-details,candidate-count-and-transfer-provenance,test/metadata/elections-test2/dail-eireann__2020-02-08.json#/results/21/candidates/0/counts/5,hold-pending-candidate-alias-approval,candidate-alias-review,[object Object],turnout; spoiled; electorate; gender,Apply only after the corresponding Dail remaining match recommendation is approved.
dail-patch-election-source-00011-general-election-2020-count-details-row-2709,election-source-00011-general-election-2020-count-details:row:2709,dail-eireann__2020-02-08,count-details,candidate-count-and-transfer-provenance,test/metadata/elections-test2/dail-eireann__2020-02-08.json#/results/21/candidates/0/counts/6,hold-pending-candidate-alias-approval,candidate-alias-review,[object Object],turnout; spoiled; electorate; gender,Apply only after the corresponding Dail remaining match recommendation is approved.
dail-patch-election-source-00011-general-election-2020-count-details-row-2710,election-source-00011-general-election-2020-count-details:row:2710,dail-eireann__2020-02-08,count-details,candidate-count-and-transfer-provenance,test/metadata/elections-test2/dail-eireann__2020-02-08.json#/results/21/candidates/0/counts/7,hold-pending-candidate-alias-approval,candidate-alias-review,[object Object],turnout; spoiled; electorate; gender,Apply only after the corresponding Dail remaining match recommendation is approved.
dail-patch-election-source-00011-general-election-2020-count-details-row-2711,election-source-00011-general-election-2020-count-details:row:2711,dail-eireann__2020-02-08,count-details,candidate-count-and-transfer-provenance,test/metadata/elections-test2/dail-eireann__2020-02-08.json#/results/21/candidates/0/counts/8,hold-pending-candidate-alias-approval,candidate-alias-review,[object Object],turnout; spoiled; electorate; gender,Apply only after the corresponding Dail remaining match recommendation is approved.
dail-patch-election-source-00011-general-election-2020-count-details-row-2712,election-source-00011-general-election-2020-count-details:row:2712,dail-eireann__2020-02-08,count-details,candidate-count-and-transfer-provenance,test/metadata/elections-test2/dail-eireann__2020-02-08.json#/results/21/candidates/0/counts/9,hold-pending-candidate-alias-approval,candidate-alias-review,[object Object],turnout; spoiled; electorate; gender,Apply only after the corresponding Dail remaining match recommendation is approved.
dail-patch-election-source-00011-general-election-2020-count-details-row-2713,election-source-00011-general-election-2020-count-details:row:2713,dail-eireann__2020-02-08,count-details,candidate-count-and-transfer-provenance,test/metadata/elections-test2/dail-eireann__2020-02-08.json#/results/21/candidates/0/counts/10,hold-pending-candidate-alias-approval,candidate-alias-review,[object Object],turnout; spoiled; electorate; gender,Apply only after the corresponding Dail remaining match recommendation is approved.
dail-patch-election-source-00011-general-election-2020-count-details-row-2714,election-source-00011-general-election-2020-count-details:row:2714,dail-eireann__2020-02-08,count-details,candidate-count-and-transfer-provenance,test/metadata/elections-test2/dail-eireann__2020-02-08.json#/results/21/candidates/0/counts/11,hold-pending-candidate-alias-approval,candidate-alias-review,[object Object],turnout; spoiled; electorate; gender,Apply only after the corresponding Dail remaining match recommendation is approved.
dail-patch-election-source-00011-general-election-2020-count-details-row-2715,election-source-00011-general-election-2020-count-details:row:2715,dail-eireann__2020-02-08,count-details,candidate-count-and-transfer-provenance,test/metadata/elections-test2/dail-eireann__2020-02-08.json#/results/21/candidates/0/counts/12,hold-pending-candidate-alias-approval,candidate-alias-review,[object Object],turnout; spoiled; electorate; gender,Apply only after the corresponding Dail remaining match recommendation is approved.
dail-patch-election-source-00011-general-election-2020-count-details-row-3425,election-source-00011-general-election-2020-count-details:row:3425,dail-eireann__2020-02-08,count-details,candidate-count-and-transfer-provenance,test/metadata/elections-test2/dail-eireann__2020-02-08.json#/results/26/candidates/2/counts/0,hold-pending-candidate-alias-approval,candidate-alias-review,[object Object],turnout; spoiled; electorate; gender,Apply only after the corresponding Dail remaining match recommendation is approved.
dail-patch-election-source-00011-general-election-2020-count-details-row-3426,election-source-00011-general-election-2020-count-details:row:3426,dail-eireann__2020-02-08,count-details,candidate-count-and-transfer-provenance,test/metadata/elections-test2/dail-eireann__2020-02-08.json#/results/26/candidates/2/counts/1,hold-pending-candidate-alias-approval,candidate-alias-review,[object Object],turnout; spoiled; electorate; gender,Apply only after the corresponding Dail remaining match recommendation is approved.
dail-patch-election-source-00011-general-election-2020-count-details-row-3427,election-source-00011-general-election-2020-count-details:row:3427,dail-eireann__2020-02-08,count-details,candidate-count-and-transfer-provenance,test/metadata/elections-test2/dail-eireann__2020-02-08.json#/results/26/candidates/2/counts/2,hold-pending-candidate-alias-approval,candidate-alias-review,[object Object],turnout; spoiled; electorate; gender,Apply only after the corresponding Dail remaining match recommendation is approved.
dail-patch-election-source-00011-general-election-2020-count-details-row-3428,election-source-00011-general-election-2020-count-details:row:3428,dail-eireann__2020-02-08,count-details,candidate-count-and-transfer-provenance,test/metadata/elections-test2/dail-eireann__2020-02-08.json#/results/26/candidates/2/counts/3,hold-pending-candidate-alias-approval,candidate-alias-review,[object Object],turnout; spoiled; electorate; gender,Apply only after the corresponding Dail remaining match recommendation is approved.
dail-patch-election-source-00011-general-election-2020-count-details-row-3429,election-source-00011-general-election-2020-count-details:row:3429,dail-eireann__2020-02-08,count-details,candidate-count-and-transfer-provenance,test/metadata/elections-test2/dail-eireann__2020-02-08.json#/results/26/candidates/2/counts/4,hold-pending-candidate-alias-approval,candidate-alias-review,[object Object],turnout; spoiled; electorate; gender,Apply only after the corresponding Dail remaining match recommendation is approved.
dail-patch-election-source-00011-general-election-2020-count-details-row-3430,election-source-00011-general-election-2020-count-details:row:3430,dail-eireann__2020-02-08,count-details,candidate-count-and-transfer-provenance,test/metadata/elections-test2/dail-eireann__2020-02-08.json#/results/26/candidates/2/counts/5,hold-pending-candidate-alias-approval,candidate-alias-review,[object Object],turnout; spoiled; electorate; gender,Apply only after the corresponding Dail remaining match recommendation is approved.
dail-patch-election-source-00011-general-election-2020-count-details-row-3839,election-source-00011-general-election-2020-count-details:row:3839,dail-eireann__2020-02-08,count-details,candidate-count-and-transfer-provenance,test/metadata/elections-test2/dail-eireann__2020-02-08.json#/results/30/candidates/11/counts/0,hold-pending-candidate-alias-approval,candidate-alias-review,[object Object],turnout; spoiled; electorate; gender,Apply only after the corresponding Dail remaining match recommendation is approved.
dail-patch-election-source-00011-general-election-2020-count-details-row-3840,election-source-00011-general-election-2020-count-details:row:3840,dail-eireann__2020-02-08,count-details,candidate-count-and-transfer-provenance,test/metadata/elections-test2/dail-eireann__2020-02-08.json#/results/30/candidates/11/counts/1,hold-pending-candidate-alias-approval,candidate-alias-review,[object Object],turnout; spoiled; electorate; gender,Apply only after the corresponding Dail remaining match recommendation is approved.
dail-patch-election-source-00011-general-election-2020-count-details-row-3841,election-source-00011-general-election-2020-count-details:row:3841,dail-eireann__2020-02-08,count-details,candidate-count-and-transfer-provenance,test/metadata/elections-test2/dail-eireann__2020-02-08.json#/results/30/candidates/11/counts/2,hold-pending-candidate-alias-approval,candidate-alias-review,[object Object],turnout; spoiled; electorate; gender,Apply only after the corresponding Dail remaining match recommendation is approved.
dail-patch-election-source-00011-general-election-2020-count-details-row-3842,election-source-00011-general-election-2020-count-details:row:3842,dail-eireann__2020-02-08,count-details,candidate-count-and-transfer-provenance,test/metadata/elections-test2/dail-eireann__2020-02-08.json#/results/30/candidates/11/counts/3,hold-pending-candidate-alias-approval,candidate-alias-review,[object Object],turnout; spoiled; electorate; gender,Apply only after the corresponding Dail remaining match recommendation is approved.
dail-patch-election-source-00011-general-election-2020-count-details-row-3843,election-source-00011-general-election-2020-count-details:row:3843,dail-eireann__2020-02-08,count-details,candidate-count-and-transfer-provenance,test/metadata/elections-test2/dail-eireann__2020-02-08.json#/results/30/candidates/11/counts/4,hold-pending-candidate-alias-approval,candidate-alias-review,[object Object],turnout; spoiled; electorate; gender,Apply only after the corresponding Dail remaining match recommendation is approved.
dail-patch-election-source-00011-general-election-2020-count-details-row-3844,election-source-00011-general-election-2020-count-details:row:3844,dail-eireann__2020-02-08,count-details,candidate-count-and-transfer-provenance,test/metadata/elections-test2/dail-eireann__2020-02-08.json#/results/30/candidates/11/counts/5,hold-pending-candidate-alias-approval,candidate-alias-review,[object Object],turnout; spoiled; electorate; gender,Apply only after the corresponding Dail remaining match recommendation is approved.
dail-patch-election-source-00011-general-election-2020-count-details-row-3845,election-source-00011-general-election-2020-count-details:row:3845,dail-eireann__2020-02-08,count-details,candidate-count-and-transfer-provenance,test/metadata/elections-test2/dail-eireann__2020-02-08.json#/results/30/candidates/11/counts/6,hold-pending-candidate-alias-approval,candidate-alias-review,[object Object],turnout; spoiled; electorate; gender,Apply only after the corresponding Dail remaining match recommendation is approved.
