reviewId,electionId,sourceConstituency,sourceCandidateName,sourceRowCount,currentClassification,confidence,proposedAction,recommendationBand,evidenceStrength,proposedAlias,proposedCanonicalConstituency,proposedCandidateName,proposedCandidateId,proposedParty,exactMergeTarget,alternativeSummary,reason,reviewerInstruction,sourceRowIds
dail-candidate-dail-eireann-2020-02-08-limerick-county-seighin-oceallaigh,dail-eireann__2020-02-08,Limerick County,Seighin O'Ceallaigh,6,probable match,0.9867,approve alias after spot-check,probable-safe,high,Seighin O'Ceallaigh -> Seighin O Ceallaigh,Limerick,Seighin O Ceallaigh,3,Sinn Féin,test/metadata/elections-test2/dail-eireann__2020-02-08.json#/results/26/candidates/2,"Eoghan O Ceannabháin (Solidarity-PBP, Dublin Rathdown, 0.4133) | Aengus O Snodaigh (Sinn Féin, Dublin South Central, 0.3898) | Aengus Ó Maoláin (Social Democrats, Dublin West, 0.3898)","The candidate is in the same/aliased constituency, the match confidence is high, and alternatives are weak.",Approve as an alias unless a source check shows this is a distinct candidate.,election-source-00011-general-election-2020-count-details:row:3425; election-source-00011-general-election-2020-count-details:row:3426; election-source-00011-general-election-2020-count-details:row:3427; election-source-00011-general-election-2020-count-details:row:3428; election-source-00011-general-election-2020-count-details:row:3429; election-source-00011-general-election-2020-count-details:row:3430
dail-candidate-dail-eireann-2016-02-26-clare-andres-siro-hakizimana,dail-eireann__2016-02-26,Clare,Andres Siro Hakizimana,12,probable match,0.9147,approve alias after spot-check,probable-safe,high,Andres Siro Hakizimana -> Andre Sibo Hakizimana,Clare,Andre Sibo Hakizimana,15,Independent,test/metadata/elections-test2/dail-eireann__2016-02-26.json#/results/2/candidates/14,"Aindrias Moynihan (Fianna Fáil, Cork North West, 0.288) | Andrew Keegan (PBP, Dublin North West, 0.288) | Niamh O'Brien (Non party/Fis Nua, Clare, 0.26)","The candidate is in the same/aliased constituency, the match confidence is high, and alternatives are weak.",Approve as an alias unless a source check shows this is a distinct candidate.,election-source-00010-general-election-2016-count-details:row:5226; election-source-00010-general-election-2016-count-details:row:5227; election-source-00010-general-election-2016-count-details:row:5228; election-source-00010-general-election-2016-count-details:row:5229; election-source-00010-general-election-2016-count-details:row:5230; election-source-00010-general-election-2016-count-details:row:5231; election-source-00010-general-election-2016-count-details:row:5232; election-source-00010-general-election-2016-count-details:row:5233; election-source-00010-general-election-2016-count-details:row:5234; election-source-00010-general-election-2016-count-details:row:5235; election-source-00010-general-election-2016-count-details:row:5236; election-source-00010-general-election-2016-count-details:row:5237
dail-candidate-dail-eireann-2020-02-08-mayo-daith-fallamhin,dail-eireann__2020-02-08,Mayo,Daith  Fallamhín,7,needs human decision,0.7133,approve encoding alias,encoding-cleanup,high,Daith  Fallamhín -> Daithí Ó Fallamhái,Mayo,Daithí Ó Fallamhái,12,Irish Freedom Party,test/metadata/elections-test2/dail-eireann__2020-02-08.json#/results/30/candidates/11,"Bláithin Gallagher (Green, Sligo Leitrim, 0.3812) | Micheál Martin (Fianna Fáil, Cork South Central, 0.36) | Pat Gallagher (Fianna Fáil, Donegal, 0.36)",The source text contains mojibake/encoding damage and points to an accented live candidate in the same/aliased constituency.,Approve if the source row is just corrupted text for the proposed canonical candidate.,election-source-00011-general-election-2020-count-details:row:3839; election-source-00011-general-election-2020-count-details:row:3840; election-source-00011-general-election-2020-count-details:row:3841; election-source-00011-general-election-2020-count-details:row:3842; election-source-00011-general-election-2020-count-details:row:3843; election-source-00011-general-election-2020-count-details:row:3844; election-source-00011-general-election-2020-count-details:row:3845
dail-candidate-dail-eireann-2016-02-26-tipperary-samus-san-morris,dail-eireann__2016-02-26,Tipperary,SÉmus SÉn Morris,7,needs human decision,0.6876,approve encoding alias,encoding-cleanup,medium,SÉmus SÉn Morris -> Seamus Morris,Tipperary,Seamus Morris,8,Sinn Féin,test/metadata/elections-test2/dail-eireann__2016-02-26.json#/results/36/candidates/7,"Simon Harris (Fine Gael, Wicklow, 0.36) | Martin Ferris (Sinn Féin, Kerry, 0.3086) | James Bannon (Fine Gael, Longford Westmeath, 0.3086)",The source text contains mojibake/encoding damage and points to an accented live candidate in the same/aliased constituency.,Approve if the source row is just corrupted text for the proposed canonical candidate.,election-source-00010-general-election-2016-count-details:row:3742; election-source-00010-general-election-2016-count-details:row:3743; election-source-00010-general-election-2016-count-details:row:3744; election-source-00010-general-election-2016-count-details:row:3745; election-source-00010-general-election-2016-count-details:row:3746; election-source-00010-general-election-2016-count-details:row:3747; election-source-00010-general-election-2016-count-details:row:3748
dail-candidate-dail-eireann-2016-02-26-galway-east-mirad-n-chrinn,dail-eireann__2016-02-26,Galway East,MírÉd N ChrínN,7,needs human decision,0.6816,approve encoding alias,encoding-cleanup,medium,MírÉd N ChrínN -> Mairead Ni Chroinin,Galway East,Mairead Ni Chroinin,9,Green,test/metadata/elections-test2/dail-eireann__2016-02-26.json#/results/20/candidates/8,"Niamh O'Brien (Non party/Fis Nua, Clare, 0.3933) | Ciaran Cannon (Fine Gael, Galway East, 0.38) | Lorraine Higgins (Irish Labour, Galway East, 0.368)",The source text contains mojibake/encoding damage and points to an accented live candidate in the same/aliased constituency.,Approve if the source row is just corrupted text for the proposed canonical candidate.,election-source-00010-general-election-2016-count-details:row:3986; election-source-00010-general-election-2016-count-details:row:3987; election-source-00010-general-election-2016-count-details:row:3988; election-source-00010-general-election-2016-count-details:row:3989; election-source-00010-general-election-2016-count-details:row:3990; election-source-00010-general-election-2016-count-details:row:3991; election-source-00010-general-election-2016-count-details:row:3992
dail-candidate-dail-eireann-2016-02-26-cavan-monaghan-caoimhghn-caolin,dail-eireann__2016-02-26,Cavan Monaghan,CaoimhghN  Caolín,10,needs human decision,0.68,approve encoding alias,encoding-cleanup,medium,CaoimhghN  Caolín -> Caoimhghin O Caolain,Cavan Monaghan,Caoimhghin O Caolain,2,Sinn Féin,test/metadata/elections-test2/dail-eireann__2016-02-26.json#/results/1/candidates/1,"Mary Hanafin (Fianna Fáil, Dun Laoghaire, 0.288) | Cormac Devlin (Fianna Fáil, Dun Laoghaire, 0.288) | Ciaran Cannon (Fine Gael, Galway East, 0.288)",The source text contains mojibake/encoding damage and points to an accented live candidate in the same/aliased constituency.,Approve if the source row is just corrupted text for the proposed canonical candidate.,election-source-00010-general-election-2016-count-details:row:4108; election-source-00010-general-election-2016-count-details:row:4109; election-source-00010-general-election-2016-count-details:row:4110; election-source-00010-general-election-2016-count-details:row:4111; election-source-00010-general-election-2016-count-details:row:4112; election-source-00010-general-election-2016-count-details:row:4113; election-source-00010-general-election-2016-count-details:row:4114; election-source-00010-general-election-2016-count-details:row:4115; election-source-00010-general-election-2016-count-details:row:4116; election-source-00010-general-election-2016-count-details:row:4117
dail-candidate-dail-eireann-2016-02-26-kildare-south-sen-fearghal,dail-eireann__2016-02-26,Kildare South,SeN  FearghaL,6,needs human decision,0.6457,approve encoding alias,encoding-cleanup,medium,SeN  FearghaL -> Seán Ó Fearghaíl,Kildare South,Seán Ó Fearghaíl,3,Fianna Fáil,test/metadata/elections-test2/dail-eireann__2016-02-26.json#/results/24/candidates/2,"Seán Haughey (Fianna Fáil, Dublin Bay North, 0.3273) | Seán O Buachalla (Green, Meath East, 0.3086) | Bernie Hughes (Independent, Dublin North West, 0.3)",The source text contains mojibake/encoding damage and points to an accented live candidate in the same/aliased constituency.,Approve if the source row is just corrupted text for the proposed canonical candidate.,election-source-00010-general-election-2016-count-details:row:4132; election-source-00010-general-election-2016-count-details:row:4133; election-source-00010-general-election-2016-count-details:row:4134; election-source-00010-general-election-2016-count-details:row:4135; election-source-00010-general-election-2016-count-details:row:4136; election-source-00010-general-election-2016-count-details:row:4137
dail-candidate-dail-eireann-2016-02-26-cork-south-central-donnchadh-uinseann-laoghaire,dail-eireann__2016-02-26,Cork South Central,Donnchadh Uinseann  Laoghaire,11,needs human decision,0.6441,approve encoding alias,encoding-cleanup,medium,Donnchadh Uinseann  Laoghaire -> Donnchach O Laoghaire,Cork South Central,Donnchach O Laoghaire,4,Sinn Féin,test/metadata/elections-test2/dail-eireann__2016-02-26.json#/results/6/candidates/3,"Micheál Mac Donncha (Sinn Féin, Dublin Bay North, 0.3026) | Michael Mohally (Independent, Cork South Central, 0.3015) | Michael McGrath (Fianna Fáil, Cork South Central, 0.2738)",The source text contains mojibake/encoding damage and points to an accented live candidate in the same/aliased constituency.,Approve if the source row is just corrupted text for the proposed canonical candidate.,election-source-00010-general-election-2016-count-details:row:4149; election-source-00010-general-election-2016-count-details:row:4150; election-source-00010-general-election-2016-count-details:row:4151; election-source-00010-general-election-2016-count-details:row:4152; election-source-00010-general-election-2016-count-details:row:4153; election-source-00010-general-election-2016-count-details:row:4154; election-source-00010-general-election-2016-count-details:row:4155; election-source-00010-general-election-2016-count-details:row:4156; election-source-00010-general-election-2016-count-details:row:4157; election-source-00010-general-election-2016-count-details:row:4158; election-source-00010-general-election-2016-count-details:row:4159
dail-candidate-dail-eireann-2020-02-08-dun-laoghaire-mairad-tibn,dail-eireann__2020-02-08,Dun Laoghaire,MairÉd TíbN,8,needs human decision,0.6338,approve encoding alias,encoding-cleanup,medium,MairÉd TíbN -> Mairéad Tóibín,Dun Laoghaire,Mairéad Tóibín,11,Aontú,test/metadata/elections-test2/dail-eireann__2020-02-08.json#/results/19/candidates/10,"Mairéad Ruane (Aontú, Cork South West, 0.42) | Mary Hanafin (Fianna Fáil, Dun Laoghaire, 0.3418) | Mairéad Farrell (Sinn Féin, Galway West, 0.3086)",The source text contains mojibake/encoding damage and points to an accented live candidate in the same/aliased constituency.,Approve if the source row is just corrupted text for the proposed canonical candidate.,election-source-00011-general-election-2020-count-details:row:2531; election-source-00011-general-election-2020-count-details:row:2532; election-source-00011-general-election-2020-count-details:row:2533; election-source-00011-general-election-2020-count-details:row:2534; election-source-00011-general-election-2020-count-details:row:2535; election-source-00011-general-election-2020-count-details:row:2536; election-source-00011-general-election-2020-count-details:row:2537; election-source-00011-general-election-2020-count-details:row:2538
dail-candidate-dail-eireann-2016-02-26-dublin-bay-north-aodhn-rordin,dail-eireann__2016-02-26,Dublin Bay North,AodhN  RÓrdín,15,needs human decision,0.608,approve encoding alias,encoding-cleanup,medium,AodhN  RÓrdín -> Aodhán Ó Ríordáin,Dublin Bay North,Aodhán Ó Ríordáin,4,Irish Labour,test/metadata/elections-test2/dail-eireann__2016-02-26.json#/results/9/candidates/3,"Ann Norton (Independent, Clare, 0.3273) | Joe Harris (Independent, Cork South Central, 0.3273) | Eoin O Broin (Sinn Féin, Dublin Mid West, 0.3273)",The source text contains mojibake/encoding damage and points to an accented live candidate in the same/aliased constituency.,Approve if the source row is just corrupted text for the proposed canonical candidate.,election-source-00010-general-election-2016-count-details:row:4189; election-source-00010-general-election-2016-count-details:row:4190; election-source-00010-general-election-2016-count-details:row:4191; election-source-00010-general-election-2016-count-details:row:4192; election-source-00010-general-election-2016-count-details:row:4193; election-source-00010-general-election-2016-count-details:row:4194; election-source-00010-general-election-2016-count-details:row:4195; election-source-00010-general-election-2016-count-details:row:4196; election-source-00010-general-election-2016-count-details:row:4197; election-source-00010-general-election-2016-count-details:row:4198; election-source-00010-general-election-2016-count-details:row:4199; election-source-00010-general-election-2016-count-details:row:4200; election-source-00010-general-election-2016-count-details:row:4201; election-source-00010-general-election-2016-count-details:row:4202; election-source-00010-general-election-2016-count-details:row:4203
dail-candidate-dail-eireann-2020-02-08-dublin-bay-north-aodhn-rordin,dail-eireann__2020-02-08,Dublin Bay North,AodhN 'RÓrdín,14,needs human decision,0.608,approve encoding alias,encoding-cleanup,medium,AodhN 'RÓrdín -> Aodhán Ó Ríordáin,Dublin Bay North,Aodhán Ó Ríordáin,3,Irish Labour,test/metadata/elections-test2/dail-eireann__2020-02-08.json#/results/9/candidates/2,"John Larkin (Independent, Wicklow, 0.3927) | Eoin O Broin (Sinn Féin, Dublin Mid West, 0.3273) | John Curran (Fianna Fáil, Dublin Mid West, 0.3273)",The source text contains mojibake/encoding damage and points to an accented live candidate in the same/aliased constituency.,Approve if the source row is just corrupted text for the proposed canonical candidate.,election-source-00011-general-election-2020-count-details:row:1399; election-source-00011-general-election-2020-count-details:row:1400; election-source-00011-general-election-2020-count-details:row:1401; election-source-00011-general-election-2020-count-details:row:1402; election-source-00011-general-election-2020-count-details:row:1403; election-source-00011-general-election-2020-count-details:row:1404; election-source-00011-general-election-2020-count-details:row:1405; election-source-00011-general-election-2020-count-details:row:1406; election-source-00011-general-election-2020-count-details:row:1407; election-source-00011-general-election-2020-count-details:row:1408; election-source-00011-general-election-2020-count-details:row:1409; election-source-00011-general-election-2020-count-details:row:1410; election-source-00011-general-election-2020-count-details:row:1411; election-source-00011-general-election-2020-count-details:row:1412
dail-candidate-dail-eireann-2016-02-26-galway-west-amon-cuv,dail-eireann__2016-02-26,Galway West,Émon  CuV,14,needs human decision,0.584,approve encoding alias,encoding-cleanup,medium,Émon  CuV -> Eamon O Cuiv,Galway West,Eamon O Cuiv,1,Fianna Fáil,test/metadata/elections-test2/dail-eireann__2016-02-26.json#/results/21/candidates/0,"Eamon Murray (Independent, Sligo Leitrim, 0.3273) | Eamon Ryan (Green, Dublin Bay South, 0.32) | Simon Coveney (Fine Gael, Cork South Central, 0.3)",The source text contains mojibake/encoding damage and points to an accented live candidate in the same/aliased constituency.,Approve if the source row is just corrupted text for the proposed canonical candidate.,election-source-00010-general-election-2016-count-details:row:4118; election-source-00010-general-election-2016-count-details:row:4119; election-source-00010-general-election-2016-count-details:row:4120; election-source-00010-general-election-2016-count-details:row:4121; election-source-00010-general-election-2016-count-details:row:4122; election-source-00010-general-election-2016-count-details:row:4123; election-source-00010-general-election-2016-count-details:row:4124; election-source-00010-general-election-2016-count-details:row:4125; election-source-00010-general-election-2016-count-details:row:4126; election-source-00010-general-election-2016-count-details:row:4127; election-source-00010-general-election-2016-count-details:row:4128; election-source-00010-general-election-2016-count-details:row:4129; election-source-00010-general-election-2016-count-details:row:4130; election-source-00010-general-election-2016-count-details:row:4131
dail-candidate-dail-eireann-2020-02-08-galway-west-amon-cuv,dail-eireann__2020-02-08,Galway West,Émon CuV ,13,needs human decision,0.584,approve encoding alias,encoding-cleanup,medium,Émon CuV  -> Eamon O Cuiv,Galway West,Eamon O Cuiv,1,Fianna Fáil,test/metadata/elections-test2/dail-eireann__2020-02-08.json#/results/21/candidates/0,"Eamon Ryan (Green, Dublin Bay South, 0.32) | Simon Coveney (Fine Gael, Cork South Central, 0.3) | Eamon Scanlon (Fianna Fáil, Sligo Leitrim, 0.3)",The source text contains mojibake/encoding damage and points to an accented live candidate in the same/aliased constituency.,Approve if the source row is just corrupted text for the proposed canonical candidate.,election-source-00011-general-election-2020-count-details:row:2703; election-source-00011-general-election-2020-count-details:row:2704; election-source-00011-general-election-2020-count-details:row:2705; election-source-00011-general-election-2020-count-details:row:2706; election-source-00011-general-election-2020-count-details:row:2707; election-source-00011-general-election-2020-count-details:row:2708; election-source-00011-general-election-2020-count-details:row:2709; election-source-00011-general-election-2020-count-details:row:2710; election-source-00011-general-election-2020-count-details:row:2711; election-source-00011-general-election-2020-count-details:row:2712; election-source-00011-general-election-2020-count-details:row:2713; election-source-00011-general-election-2020-count-details:row:2714; election-source-00011-general-election-2020-count-details:row:2715
dail-candidate-dail-eireann-2016-02-26-donegal-cordelia-nicfhearraigh,dail-eireann__2016-02-26,Donegal,Cordelia Nicfhearraigh,13,needs human decision,0.8248,probable alias - user approval required,probable,medium,Cordelia Nicfhearraigh -> Cordeila Nic Fhearraigh,Donegal,Cordeila Nic Fhearraigh,16,Non party/Fis Nua,test/metadata/elections-test2/dail-eireann__2016-02-26.json#/results/8/candidates/15,"Sorcha Nic Cormaic (Sinn Féin, Dublin Rathdown, 0.4019) | Catherine Ardagh (Fianna Fáil, Dublin South Central, 0.3429) | Maebh Ni Fhallúin (Green, Kildare North, 0.3333)","Same/aliased constituency with a plausible match, but not strong enough for automatic application.",Spot-check the candidate name in the source before approving.,election-source-00010-general-election-2016-count-details:row:4008; election-source-00010-general-election-2016-count-details:row:4009; election-source-00010-general-election-2016-count-details:row:4010; election-source-00010-general-election-2016-count-details:row:4011; election-source-00010-general-election-2016-count-details:row:4012; election-source-00010-general-election-2016-count-details:row:4013; election-source-00010-general-election-2016-count-details:row:4014; election-source-00010-general-election-2016-count-details:row:4015; election-source-00010-general-election-2016-count-details:row:4016; election-source-00010-general-election-2016-count-details:row:4017; election-source-00010-general-election-2016-count-details:row:4018; election-source-00010-general-election-2016-count-details:row:4019; election-source-00010-general-election-2016-count-details:row:4020
dail-candidate-dail-eireann-2020-02-08-donegal-arthur-desmond-mc-guinness,dail-eireann__2020-02-08,Donegal,Arthur Desmond Mc Guinness,9,needs human decision,0.7209,probable alias - user approval required,probable,medium,Arthur Desmond Mc Guinness -> Arthur McGuinness,Donegal,Arthur McGuinness,13,Independent,test/metadata/elections-test2/dail-eireann__2020-02-08.json#/results/8/candidates/12,"John McGuinness (Fianna Fáil, Carlow Kilkenny, 0.4457) | Charlie McConalogue (Fianna Fáil, Donegal, 0.3378) | Niall McConnell (Independent, Donegal, 0.3202)","Same/aliased constituency with a plausible match, but not strong enough for automatic application.",Spot-check the candidate name in the source before approving.,election-source-00011-general-election-2020-count-details:row:1089; election-source-00011-general-election-2020-count-details:row:1090; election-source-00011-general-election-2020-count-details:row:1091; election-source-00011-general-election-2020-count-details:row:1092; election-source-00011-general-election-2020-count-details:row:1093; election-source-00011-general-election-2020-count-details:row:1094; election-source-00011-general-election-2020-count-details:row:1095; election-source-00011-general-election-2020-count-details:row:1096; election-source-00011-general-election-2020-count-details:row:1097
dail-candidate-dail-eireann-2016-02-26-waterford-sheik-mohiuddin-ahmed,dail-eireann__2016-02-26,Waterford,Sheik Mohiuddin Ahmed,9,needs human decision,0.7204,probable alias - user approval required,probable,medium,Sheik Mohiuddin Ahmed -> Sheikh Ahmed,Waterford,Sheikh Ahmed,12,Independent,test/metadata/elections-test2/dail-eireann__2016-02-26.json#/results/37/candidates/11,"David Cullinane (Sinn Féin, Waterford, 0.3074) | Mary M White (Fianna Fáil, Dublin Rathdown, 0.2965) | John Deasy (Fine Gael, Waterford, 0.2316)","Same/aliased constituency with a plausible match, but not strong enough for automatic application.",Spot-check the candidate name in the source before approving.,election-source-00010-general-election-2016-count-details:row:23; election-source-00010-general-election-2016-count-details:row:24; election-source-00010-general-election-2016-count-details:row:25; election-source-00010-general-election-2016-count-details:row:26; election-source-00010-general-election-2016-count-details:row:27; election-source-00010-general-election-2016-count-details:row:28; election-source-00010-general-election-2016-count-details:row:29; election-source-00010-general-election-2016-count-details:row:30; election-source-00010-general-election-2016-count-details:row:31
dail-candidate-dail-eireann-2020-02-08-dublin-fingal-glenn-brady,dail-eireann__2020-02-08,Dublin Fingal,Glenn Brady,12,needs human decision,0.572,reject current match and rematch,reject-current-target,low,Glenn Brady -> John Brady,Wicklow,John Brady,1,Sinn Féin,test/metadata/elections-test2/dail-eireann__2020-02-08.json#/results/38/candidates/0,"Shane O'Grady (Independent, Cork East, 0.3273) | Gillian Brien (Solidarity-PBP, Dublin Central, 0.3) | David Bradley (Independent, Louth, 0.3)",The proposed target is not in the same or aliased constituency.,Do not approve this alias. Re-run matching with stricter constituency constraints or inspect the source manually.,election-source-00011-general-election-2020-count-details:row:1677; election-source-00011-general-election-2020-count-details:row:1678; election-source-00011-general-election-2020-count-details:row:1679; election-source-00011-general-election-2020-count-details:row:1680; election-source-00011-general-election-2020-count-details:row:1681; election-source-00011-general-election-2020-count-details:row:1682; election-source-00011-general-election-2020-count-details:row:1683; election-source-00011-general-election-2020-count-details:row:1684; election-source-00011-general-election-2020-count-details:row:1685; election-source-00011-general-election-2020-count-details:row:1686; election-source-00011-general-election-2020-count-details:row:1687; election-source-00011-general-election-2020-count-details:row:1688
